OverallQual,GrLivArea,TotalBsmtSF,GarageArea,1stFlrSF,FullBath,TotRmsAbvGrd,YearRemodAdd,SalePrice,YearBuilt,CentralAir,Neighborhood,RoofMatl,HouseStyle,KitchenQual,SaleCondition,SaleType
7,1710,856,548,856,2,8,2003,208500,104,1,5,1,5,2,4,8
6,1262,1262,460,1262,2,6,1976,181500,77,1,24,1,2,3,4,8
7,1786,920,608,920,2,6,2002,223500,102,1,5,1,5,2,4,8
7,1717,756,642,961,1,7,1970,140000,19,1,6,1,5,2,0,8
8,2198,1145,836,1145,2,9,2000,250000,101,1,15,1,5,2,4,8
5,1362,796,480,796,1,5,1995,143000,94,1,11,1,0,3,4,8
8,1694,1686,636,1694,2,7,2005,307000,105,1,21,1,2,2,4,8
7,2090,1107,484,1107,2,7,1973,200000,74,1,14,1,5,3,4,8
7,1774,952,468,1022,2,8,1950,129900,35,1,17,1,0,3,0,8
5,1077,991,205,1077,1,5,1950,118000,42,1,3,1,1,3,4,8
5,1040,1040,384,1040,1,5,1965,129500,66,1,19,1,2,3,4,8
9,2324,1175,736,1182,3,11,2006,345000,106,1,16,1,5,0,5,6
5,912,912,352,912,1,4,1962,144000,63,1,19,1,2,3,4,8
7,1494,1494,840,1494,2,7,2007,279500,107,1,5,1,2,2,5,6
6,1253,1253,352,1253,1,5,1960,157000,61,1,12,1,2,3,4,8
7,854,832,576,854,1,5,2001,132000,33,1,3,1,1,3,4,8
6,1004,1004,480,1004,1,5,1970,149000,71,1,12,1,2,3,4,8
4,1296,0,516,1296,2,6,1967,90000,68,1,19,1,2,3,4,8
5,1114,1114,576,1114,1,6,2004,159000,105,1,20,1,2,2,4,8
5,1339,1029,294,1339,1,6,1965,139000,59,1,12,1,2,3,0,0
8,2376,1158,853,1158,3,9,2006,325300,106,1,16,1,5,2,5,6
7,1108,637,280,1108,1,6,1950,139400,34,1,9,1,1,2,4,8
8,1795,1777,534,1795,2,7,2002,230000,103,1,5,1,2,2,4,8
5,1060,1040,572,1060,1,6,1976,129900,77,1,10,1,2,3,4,8
5,1060,1060,270,1060,1,6,2001,154000,69,1,19,1,2,2,4,8
8,1600,1566,890,1600,2,7,2007,256300,108,1,16,1,2,2,4,8
5,900,900,576,900,1,5,2000,134800,52,1,12,1,2,2,4,8
8,1704,1704,772,1704,2,7,2008,306000,108,1,16,1,2,2,4,8
5,1600,1484,319,1600,1,6,1997,207500,58,1,12,1,2,3,4,8
4,520,520,240,520,1,4,1950,68500,31,0,3,1,2,1,4,8
4,1317,649,250,649,1,6,1950,40000,24,0,9,1,5,3,4,8
5,1228,1228,271,1228,1,6,2006,149350,67,1,19,1,2,2,4,8
8,1234,1234,484,1234,2,7,2007,179900,108,1,5,1,2,2,4,8
5,1700,1398,447,1700,1,6,1959,165500,60,1,12,1,2,2,4,8
9,1561,1561,556,1561,2,6,2005,277500,106,1,16,1,2,0,4,8
8,2452,1117,691,1132,3,9,2005,309000,105,1,16,1,5,2,4,8
5,1097,1097,672,1097,1,6,1995,145000,95,1,5,1,2,3,4,8
5,1297,1297,498,1297,1,5,1990,153000,55,1,12,1,2,3,4,8
5,1057,1057,246,1057,1,5,2007,109000,54,1,12,1,2,2,0,8
4,1152,0,0,1152,2,6,1955,82000,56,0,7,1,2,1,1,8
6,1324,1088,440,1324,2,6,1965,160000,66,1,12,1,2,3,0,8
5,1328,1350,308,1328,1,5,1959,170000,60,1,23,1,2,3,4,8
5,884,840,504,884,1,5,1983,144000,84,1,20,1,6,2,4,8
5,938,938,308,938,1,5,1980,130250,76,1,5,1,2,3,4,8
5,1150,1150,300,1150,1,6,1959,141000,60,1,12,1,2,3,4,8
9,1752,1752,576,1752,2,6,2005,319900,106,1,16,1,2,0,4,8
7,2149,1434,670,1518,1,6,2003,239686,104,1,11,1,0,2,0,8
8,1656,1656,826,1656,2,7,2006,249700,107,1,21,1,2,2,4,8
4,1452,736,0,736,2,8,2008,113000,24,1,17,1,5,3,5,6
5,955,955,386,955,1,6,1966,127000,67,1,19,1,2,3,4,8
6,1470,794,388,794,2,6,1997,177000,98,1,8,1,5,3,4,8
6,1176,816,528,816,1,6,1950,114500,37,1,3,1,0,3,4,8
5,816,816,516,816,1,5,1963,110000,64,0,9,1,2,3,4,8
9,1842,1842,894,1842,0,5,1987,385000,82,1,24,7,2,2,4,8
5,1360,384,572,1360,1,6,1955,130000,56,1,12,1,7,3,4,8
6,1425,1425,576,1425,2,7,1964,180500,65,1,12,1,2,3,4,8
8,1739,970,480,983,2,7,2000,172500,100,1,21,1,5,2,0,8
7,1720,860,565,860,2,7,2004,196500,105,1,5,1,5,2,4,8
10,2945,1410,641,1426,3,10,2006,438780,107,1,22,1,5,2,5,6
5,780,780,352,780,1,4,1972,124900,73,1,5,1,2,3,4,8
6,1158,1158,576,1158,1,5,2004,158000,105,1,20,1,2,2,5,6
5,1111,530,288,581,1,6,1996,101000,24,0,9,1,4,1,4,8
8,1370,1370,484,1370,2,6,2006,202500,107,1,16,1,2,2,4,8
7,1710,576,480,902,2,9,1950,140000,25,1,17,1,5,3,4,8
7,2034,1057,645,1057,2,8,1998,219500,98,1,5,1,5,2,4,8
8,2473,1143,852,1143,2,9,2005,317000,105,1,16,1,5,2,4,8
7,2207,1947,576,2207,2,7,1989,180000,71,1,12,1,2,3,4,8
7,1479,1453,558,1479,2,7,2003,226000,104,1,5,1,2,2,4,8
4,747,747,220,747,1,4,1950,80000,46,1,17,1,2,3,4,8
7,2287,1304,667,1304,2,7,1953,225000,54,1,4,1,0,3,4,8
7,2223,2223,516,2223,2,8,1973,244000,74,1,12,1,2,3,4,8
4,845,845,360,845,1,4,2006,129500,83,1,11,1,2,3,4,8
7,1718,832,427,885,2,7,1998,185000,99,1,8,1,5,3,4,8
5,1086,1086,490,1086,1,6,2003,144900,55,1,12,1,2,3,4,8
3,1605,840,379,840,2,8,1950,107400,19,0,17,1,5,3,4,8
4,988,462,297,526,1,5,1973,91000,74,1,10,1,7,3,4,8
4,952,952,283,952,1,4,1956,135750,57,1,12,1,2,3,4,8
5,1285,672,240,1072,1,6,2001,127000,49,1,3,1,0,3,4,8
4,1768,1768,0,1768,2,8,1968,136500,69,0,19,1,2,3,4,8
5,1230,440,440,682,1,5,1981,110000,14,1,17,1,5,3,4,8
6,2142,896,509,1182,2,8,1968,193500,69,1,12,1,5,2,4,8
6,1337,1237,405,1337,2,5,1998,153500,99,1,11,1,2,3,4,8
8,1563,1563,758,1563,2,6,2007,245000,108,1,21,1,2,2,4,8
5,1065,1065,461,1065,1,6,1960,126500,61,1,12,1,2,3,4,0
7,1474,384,400,804,2,7,1996,168500,96,1,8,1,7,3,4,8
8,2417,1288,462,1301,2,9,1992,260000,92,1,15,1,5,2,4,8
6,1560,684,400,684,2,6,2005,174000,106,1,8,1,5,2,4,8
6,1224,612,528,612,2,4,2009,164500,110,1,21,1,5,2,5,6
3,1526,1013,0,1013,1,6,1982,85000,19,0,9,1,0,1,0,3
4,990,990,0,990,1,5,1995,123600,95,1,5,1,2,3,4,8
4,1040,0,420,1040,1,4,1950,109900,51,1,12,1,2,3,4,8
5,1235,1235,480,1235,1,6,1961,98600,62,1,12,1,2,3,0,8
5,964,876,432,964,1,5,2006,163500,25,1,6,1,2,3,4,8
6,2291,1214,506,1260,2,9,1998,133900,14,0,17,1,4,3,4,8
6,1786,824,684,905,2,7,1997,204750,98,1,5,1,5,2,4,8
6,1470,680,420,680,2,6,1993,185000,94,1,8,1,5,3,4,8
7,1588,1588,472,1588,2,6,1999,214000,100,1,5,1,2,2,4,8
4,960,960,432,960,1,6,1965,94750,66,1,7,1,2,3,4,8
5,835,458,366,835,1,5,1950,83000,24,0,7,1,2,3,0,0
4,1225,950,0,1225,1,6,1959,128950,60,1,12,1,2,3,4,8
6,1610,1610,480,1610,2,6,2001,205000,78,1,14,1,2,2,4,8
6,1732,741,476,977,2,7,1985,178000,86,1,20,1,5,2,4,8
5,1535,0,410,1535,2,8,1979,118964,80,1,20,1,2,3,2,8
7,1226,1226,740,1226,2,6,2009,198900,110,1,5,1,2,2,4,8
7,1818,1040,240,1226,1,7,1950,169500,35,1,9,1,0,3,4,8
8,1992,1053,648,1053,2,9,2004,250000,104,1,21,1,5,2,4,8
4,1047,641,273,1047,1,6,1995,100000,4,1,17,1,2,3,4,8
5,789,789,250,789,1,5,1950,115000,49,1,17,1,2,3,5,8
5,1517,793,0,997,2,7,2005,115000,23,0,9,1,0,1,4,8
6,1844,1844,546,1844,2,7,1977,190000,78,1,14,1,2,3,4,0
6,1855,994,325,1216,2,7,1972,136900,55,1,7,1,0,3,4,8
7,1430,384,400,774,2,7,2000,180000,101,1,8,1,7,3,4,8
7,2696,1264,792,1282,2,10,2007,383970,108,1,5,1,5,0,5,6
6,2259,1809,450,2259,2,7,1953,217000,54,1,6,1,2,2,0,0
6,2320,1028,180,1436,2,9,2002,259500,46,1,6,1,5,2,4,8
6,1458,729,440,729,2,5,1999,176000,100,1,21,1,5,3,4,8
5,1092,1092,288,1092,1,6,1962,139000,63,1,19,1,2,3,4,8
5,1125,1125,430,1125,1,5,2007,155000,107,1,7,1,2,3,5,6
7,3222,1673,594,1699,3,11,1990,320000,91,1,20,1,5,2,4,8
6,1456,728,390,728,2,8,2006,163990,106,1,5,1,5,2,5,6
6,988,938,540,988,1,4,1969,180000,70,1,4,3,7,3,4,8
4,1123,732,264,772,1,4,1950,100000,42,1,9,1,0,3,4,8
6,1080,1080,288,1080,1,5,1958,136000,59,1,12,1,2,3,4,8
6,1199,1199,530,1199,2,5,1993,153900,94,1,20,1,2,2,4,8
6,1586,1362,435,1586,2,7,1998,181000,80,1,14,1,2,3,4,8
6,754,520,0,520,1,5,1982,84500,38,0,9,1,0,3,4,8
6,958,1078,440,958,2,5,1976,128000,77,1,13,1,2,3,4,8
5,840,672,0,840,1,5,1950,87000,34,1,17,1,1,3,4,8
6,1348,660,453,660,1,6,1966,155000,67,1,12,1,5,3,4,8
5,1053,1008,750,1053,1,6,1991,150000,59,1,12,1,2,0,0,8
7,2157,924,487,1216,2,8,1966,226000,67,1,12,1,5,2,4,8
6,2054,992,390,1022,2,7,2000,244000,101,1,8,1,5,2,4,8
5,1327,1063,624,1327,1,7,2002,150750,60,1,12,1,2,2,4,8
8,1296,1267,471,1296,2,6,2002,220000,102,1,23,1,2,2,4,8
5,1721,1461,440,1721,2,7,1993,180000,69,1,19,1,2,3,4,8
7,1682,1304,530,1682,2,7,1970,174000,71,1,14,1,2,3,4,8
5,1214,1214,318,1214,2,5,1967,143000,68,1,12,1,2,3,4,8
7,1959,1907,766,1959,3,9,1989,171000,89,1,11,1,2,3,3,8
8,1852,1004,660,1004,2,7,2000,230000,100,1,5,1,5,2,4,8
6,1764,928,470,928,2,7,1997,231500,98,1,5,1,5,2,4,8
4,864,864,0,864,1,5,1971,115000,72,1,12,1,2,3,4,4
7,1734,1734,660,1734,2,7,2005,260000,106,1,5,1,2,2,4,8
5,1385,910,720,910,2,6,1952,166000,53,1,12,1,0,3,4,8
7,1501,1490,577,1501,2,6,1999,204000,100,1,5,1,2,2,4,8
5,1728,1728,504,1728,2,10,1963,125000,64,1,19,1,2,3,0,4
6,1709,970,380,970,2,7,2006,130000,105,1,7,1,5,2,4,8
5,875,715,180,875,1,5,1993,105000,35,1,3,1,2,3,4,8
7,2035,884,434,884,2,8,2001,222500,102,1,8,1,5,2,4,8
7,1080,1080,0,1080,1,6,2005,141000,105,1,20,1,2,2,4,8
5,1344,896,240,896,1,7,1950,115000,39,1,3,1,0,3,4,8
5,969,969,440,969,1,5,1975,122000,76,1,5,1,2,3,4,8
8,1710,1710,866,1710,2,6,2008,372402,108,1,16,1,2,2,5,6
6,1993,825,495,1097,2,8,1971,190000,72,1,14,1,5,3,4,8
6,1252,1602,564,1252,1,4,1975,235000,61,1,4,1,2,3,4,8
6,1200,1200,312,1200,1,7,1950,125000,27,1,17,1,2,3,3,8
6,1096,572,0,572,1,5,1950,79000,28,0,7,1,0,3,4,8
5,1040,0,625,1040,1,5,1950,109500,51,1,12,1,2,3,4,8
8,1968,774,680,774,2,8,2010,269500,110,1,23,1,5,0,5,6
7,1947,991,678,991,2,8,2005,254900,105,1,21,1,5,2,4,8
7,2462,1392,576,1392,2,9,2006,320000,106,1,8,1,5,2,5,6
6,1232,1232,516,1232,2,6,1984,162500,85,1,24,1,2,3,4,8
9,2668,1572,726,1572,2,10,2004,412500,104,1,16,1,5,0,4,8
7,1541,1541,532,1541,2,7,2005,220000,106,1,16,1,2,2,5,6
4,882,882,0,882,1,4,1956,103200,57,1,17,1,1,3,4,8
6,1616,1149,216,1149,2,5,2004,152000,30,1,17,1,2,2,4,8
5,1355,644,0,808,2,6,1999,127500,43,1,7,1,0,3,4,8
5,1867,1617,303,1867,1,7,1993,190000,56,1,4,1,2,3,4,0
8,2161,1582,789,1610,1,8,2007,325624,108,1,16,1,5,0,5,6
7,1720,840,440,840,2,7,2004,183500,105,1,8,1,5,2,4,8
8,1707,1686,511,1707,2,6,1981,228000,82,1,23,6,2,3,4,8
5,1382,720,660,854,1,7,1950,128500,44,1,17,1,0,3,4,8
6,1656,1080,528,1656,1,7,1960,215000,61,1,12,1,2,3,4,8
7,1767,1064,504,1064,2,5,1987,239000,88,1,22,1,5,2,4,8
6,1362,1362,504,1362,1,6,1961,163000,62,1,12,1,2,3,4,0
6,1651,1606,616,1651,2,7,1986,184000,87,1,23,1,2,3,4,8
6,2158,1202,576,2158,2,7,2001,243000,51,1,7,1,2,2,4,8
6,2060,1151,521,1164,2,8,1989,211000,89,1,4,1,5,3,4,8
5,1920,1052,451,1252,2,8,1958,172500,59,1,19,1,0,2,4,8
9,2234,2216,1166,2234,2,9,2009,501837,109,1,22,1,2,0,5,6
5,968,968,480,968,1,5,2006,100000,27,1,17,1,2,3,4,8
6,1525,756,440,769,2,5,2000,177000,101,1,21,1,5,2,4,8
7,1802,793,216,901,1,9,1950,200100,24,1,6,1,5,3,4,8
5,1340,0,252,1340,1,7,2006,120000,58,1,7,1,2,3,4,8
7,2082,1362,484,1362,2,6,2003,200000,104,1,17,1,0,2,4,8
5,1252,504,576,936,1,5,1991,127000,13,1,3,1,0,3,4,8
10,3608,1107,840,1518,2,12,1993,475000,6,1,17,7,3,0,4,8
7,1217,1188,497,1217,2,6,1991,173000,91,1,11,1,7,2,4,8
5,1656,660,180,808,2,8,1987,135000,20,1,17,1,0,3,4,8
5,1224,1086,528,1224,0,6,1979,153337,80,1,20,1,6,3,2,8
8,1593,1593,682,1593,1,5,2002,286000,102,1,22,1,2,0,4,8
8,2727,853,440,1549,2,10,1994,315000,36,1,6,1,5,2,4,8
7,1479,725,484,725,1,7,2004,184000,73,1,12,1,5,2,4,8
7,1431,1431,666,1431,2,6,1999,192000,100,1,5,1,2,2,4,8
7,1709,970,380,970,2,7,2004,130000,105,1,7,1,5,2,4,8
5,864,864,352,864,1,5,1972,127000,73,1,5,1,2,3,4,8
6,1456,855,440,855,2,7,1976,148500,77,1,13,1,5,3,4,8
7,1726,1726,786,1726,2,8,2007,311872,108,1,21,1,2,0,5,6
8,3112,1360,795,1360,2,8,1990,235000,22,1,12,1,5,2,0,8
6,2229,755,0,929,1,8,1950,104000,16,1,17,1,3,3,0,8
8,1713,1713,856,1713,2,7,2005,274900,105,1,16,1,2,0,4,8
4,1121,1121,440,1121,2,5,2004,140000,104,1,7,1,2,3,4,8
6,1279,1196,473,1279,2,6,1977,171500,78,1,11,1,2,3,4,8
6,1310,617,398,865,2,6,1950,112000,28,1,17,1,0,3,4,0
6,848,848,420,848,1,3,2004,149000,105,1,5,1,2,2,4,8
5,1284,720,240,720,1,5,1950,110000,48,1,17,1,0,3,4,8
7,1442,1424,500,1442,2,5,1990,180500,91,1,8,1,2,3,4,8
5,1696,1140,349,1696,1,8,1962,143900,63,1,19,1,2,3,4,8
4,1100,1100,312,1100,1,6,1960,141000,61,1,12,1,2,3,4,8
7,2062,1157,454,1180,2,7,1989,277000,89,1,20,1,5,3,4,8
6,1092,1092,504,1092,1,6,1964,145000,65,1,12,1,2,3,4,8
5,864,864,0,864,1,5,1950,98000,29,0,7,1,2,3,4,8
6,1212,1212,460,1212,2,6,2009,186000,110,1,7,1,2,2,4,8
7,1852,900,644,932,2,7,2009,252678,110,1,21,1,5,2,5,6
5,990,990,576,990,1,5,1995,156000,96,1,5,1,2,3,4,8
6,1392,689,299,689,1,6,1977,161750,78,1,5,1,5,3,4,8
5,1236,1070,447,1236,1,6,1996,134450,58,1,12,1,2,2,4,8
7,1436,1436,484,1436,2,8,2004,210000,105,1,5,1,2,2,4,8
4,1328,686,210,810,1,8,1950,107000,29,0,17,1,5,3,3,8
7,1954,798,431,1137,1,8,2006,311500,42,1,6,1,0,2,4,8
7,1248,1248,438,1248,2,5,2006,167240,106,1,0,1,2,2,5,6
7,1498,1498,675,1498,2,5,2006,204900,107,1,5,1,2,2,5,6
6,2267,1010,390,1010,2,8,2002,200000,103,1,8,1,5,2,4,4
6,1552,713,434,811,2,6,1975,179900,76,1,14,1,5,3,4,8
4,864,864,576,864,1,4,1971,97000,72,1,12,1,2,3,0,8
10,2392,2392,968,2392,2,8,2003,386250,104,1,16,1,2,0,4,8
5,1302,630,280,630,2,6,1971,112000,72,1,2,1,5,3,0,0
7,2520,1203,721,1214,2,9,1995,290000,96,1,15,1,5,2,0,8
6,987,483,280,483,1,5,1970,106000,71,1,2,1,5,3,4,8
5,912,912,336,912,1,5,1967,125000,68,1,19,1,2,3,4,8
7,1555,1373,430,1555,2,7,2006,192500,106,1,0,1,2,2,4,8
6,1194,1194,312,1194,1,6,1959,148000,60,1,12,1,2,3,4,8
8,2794,1462,810,1490,2,9,1996,403000,96,1,15,1,5,0,4,8
6,987,483,288,483,1,5,1972,94500,73,1,2,1,5,3,4,8
5,894,894,308,894,1,5,1976,128200,77,1,5,1,2,3,4,8
6,1960,860,440,860,2,8,2002,216500,103,1,8,1,5,2,4,8
6,987,483,264,483,1,5,1971,89500,72,1,2,1,5,3,4,8
7,1414,1414,494,1414,2,6,2004,185500,105,1,5,1,2,2,4,8
7,1744,996,457,1014,2,7,2003,194500,94,1,20,1,5,2,4,8
8,1694,1694,818,1694,2,7,2007,318000,108,1,16,1,2,2,5,6
6,1487,735,220,798,1,7,1950,113000,46,1,7,1,0,3,4,8
8,1566,1566,750,1566,2,7,2008,262500,109,1,21,1,2,2,4,8
5,866,686,0,866,1,4,1997,110500,46,1,17,1,2,2,4,8
5,1440,540,352,889,1,6,1950,79000,9,0,17,1,0,3,4,8
6,1217,626,288,626,1,6,1980,120000,81,1,20,1,5,3,4,8
7,2110,948,463,1222,2,8,2002,205000,95,1,20,1,5,2,4,8
7,1872,1845,604,1872,2,6,1988,241500,89,1,14,1,2,3,4,8
6,1928,1020,440,908,2,9,1950,137000,14,0,17,1,5,1,4,8
6,1375,1367,451,1375,1,5,1954,140000,55,1,12,1,2,3,4,8
7,1668,840,500,840,2,8,2003,180000,104,1,5,1,5,2,4,8
6,2144,1444,389,1444,2,7,2006,277000,59,1,4,1,0,2,4,8
3,1306,728,0,1306,1,6,1966,76500,43,1,3,1,2,1,4,8
8,1625,1573,538,1625,2,5,2007,235000,107,1,6,1,2,2,3,8
6,1640,798,520,798,2,6,2004,173000,105,1,20,1,5,2,4,8
6,1302,1302,309,1302,2,7,1991,158000,65,1,12,1,7,2,4,1
5,1314,1314,294,1314,1,5,1957,145000,58,1,12,1,2,3,4,8
7,2291,975,429,1005,2,8,1999,230000,100,1,8,1,5,2,4,8
6,1728,864,673,864,2,7,2003,207500,104,1,21,1,5,2,4,8
7,1604,1604,660,1604,2,8,2006,220000,107,1,5,1,2,2,0,8
7,1792,963,564,963,2,7,2001,231500,102,1,5,1,5,2,4,8
5,882,0,308,882,1,4,1956,97000,57,1,17,1,2,3,4,8
6,1382,1362,884,1382,1,6,1962,176000,63,1,12,1,7,3,4,8
8,2574,1482,868,1482,2,10,2007,276000,108,1,5,1,5,0,5,6
6,1212,506,492,1212,1,6,1995,151000,78,1,19,1,7,3,4,8
5,1316,926,484,926,1,6,2001,130000,33,1,17,1,0,3,4,8
5,764,680,504,764,1,4,2004,73000,29,0,17,1,2,3,4,8
6,1422,1422,576,1422,2,7,1981,175500,82,1,14,1,2,2,4,8
6,1511,802,413,802,2,8,1997,185000,98,1,8,1,5,3,4,8
5,2192,720,240,1052,2,8,1997,179500,42,1,18,1,3,2,4,8
5,778,740,924,778,1,4,1955,120500,43,1,9,1,2,3,4,8
6,1113,1143,504,1113,1,6,1976,148000,77,1,7,1,2,3,4,8
8,1939,1095,1053,1095,2,8,2006,266000,107,1,21,1,5,2,5,6
7,1363,1385,439,1363,1,5,2005,241500,55,1,4,2,2,3,4,8
8,2270,1152,671,1164,2,9,2007,290000,100,1,15,1,5,2,4,8
6,1632,1240,338,1632,2,6,1988,139000,59,1,12,1,2,3,4,8
5,816,816,264,816,1,5,1982,124500,83,1,11,1,2,3,4,8
7,1548,952,672,952,2,5,2007,205000,29,0,3,1,0,0,4,8
7,1560,1560,573,1560,2,7,2003,201000,104,1,11,1,2,2,4,8
4,864,864,400,864,1,4,1951,141000,52,1,8,1,2,3,4,8
9,2121,2121,732,2121,2,8,2007,415298,107,1,16,1,2,0,5,6
7,2022,1160,505,1156,2,8,1977,192000,78,1,4,1,5,3,4,8
7,1982,807,575,1175,2,7,1989,228500,90,1,20,1,5,2,4,8
6,1262,1262,572,1262,2,5,2006,185000,107,1,21,1,2,2,5,6
7,1314,1314,626,1314,2,6,2008,207500,108,1,16,1,2,2,4,5
8,1468,1468,898,1468,2,6,2009,244600,109,1,21,1,2,2,5,6
6,1575,1575,529,1575,2,5,1992,179200,93,1,20,1,2,2,4,8
7,1250,625,528,625,2,5,2007,164700,107,1,21,1,5,2,5,6
6,1734,912,440,1085,1,7,1981,159000,63,1,12,1,0,2,4,8
4,858,858,0,858,1,5,1971,88000,72,1,12,1,2,3,4,8
5,900,882,280,900,1,5,1967,122000,68,1,19,1,2,3,4,8
6,1396,698,384,698,1,7,2003,153575,19,1,3,1,5,3,4,8
8,1919,1079,685,1079,2,8,2006,233230,107,1,5,1,5,2,5,6
5,1716,780,0,936,2,9,2000,135900,16,0,18,1,5,1,4,8
5,1716,768,281,1148,1,8,2008,131000,50,1,7,1,0,3,4,8
7,2263,795,539,1468,2,9,1994,235000,78,1,14,1,5,2,4,8
6,1644,1416,418,1644,1,7,1953,167000,54,1,12,1,2,3,4,8
6,1003,1003,588,1003,1,6,1984,142500,85,1,11,1,7,3,4,8
5,1558,910,282,910,1,6,1950,152000,51,1,9,1,0,3,4,8
7,1950,975,576,975,2,7,1998,239000,98,1,21,1,5,2,4,8
6,1743,702,539,1041,1,7,1968,175000,69,1,14,1,5,3,4,8
6,1152,1092,300,1152,1,6,2004,158500,51,1,6,1,2,2,3,8
5,1336,1165,375,1336,1,5,1953,157000,54,1,6,1,2,3,4,8
8,2452,1028,683,1210,2,9,1999,267000,99,1,5,1,5,2,4,8
7,1541,1541,843,1541,2,6,2002,205000,102,1,5,1,2,2,4,8
5,894,894,552,894,1,5,1972,149900,73,1,5,1,2,3,0,8
7,3493,1470,870,1675,3,10,2002,295000,2,1,17,1,3,2,4,8
8,2000,2000,888,2000,2,8,2005,305900,105,1,5,1,2,2,4,8
7,2243,700,746,1122,2,8,1991,225000,91,1,20,1,5,2,4,8
6,1406,319,0,1035,1,6,1950,89500,24,1,9,1,0,1,4,8
4,861,861,539,861,1,4,1950,82500,43,1,7,1,2,3,4,8
9,1944,1896,708,1944,2,8,2004,360000,104,1,16,1,2,0,4,8
6,1501,697,420,697,2,6,1994,165600,94,1,8,1,5,2,4,8
6,972,972,240,972,1,5,2002,132000,49,1,12,1,2,3,4,8
5,1118,793,410,793,1,5,1950,119900,42,1,17,1,0,3,4,8
7,2036,2136,513,2036,2,8,1965,375000,66,1,23,1,2,3,4,8
7,1641,728,546,832,1,6,1990,178000,29,1,17,1,5,0,4,8
7,1432,716,432,716,2,6,2005,188500,105,1,8,1,5,2,4,8
7,2353,845,484,1153,2,10,1980,260000,81,1,14,1,5,0,4,8
8,1959,1088,1025,1088,2,8,2006,270000,107,1,21,1,5,2,4,8
7,2646,1347,656,1372,2,9,1993,260000,94,1,15,1,5,2,4,8
7,1472,1372,588,1472,2,6,1980,187500,81,1,14,1,7,3,4,8
9,2596,1249,840,1249,3,9,2006,342643,107,1,16,1,5,2,5,6
8,2468,1136,872,1136,2,10,2004,354000,105,1,16,1,5,2,4,8
7,2730,1502,576,1553,2,8,1987,301000,87,1,20,1,5,2,4,8
3,1163,1162,220,1163,1,6,2005,126175,56,1,17,1,2,3,4,8
7,2978,710,564,1898,2,11,2007,242000,68,1,12,6,7,2,4,8
5,803,720,360,803,1,5,1950,87000,44,0,9,1,1,3,4,8
8,1719,1719,473,1719,1,6,1993,324000,94,1,24,1,2,2,4,2
6,1383,1383,292,1383,1,7,1960,145250,61,1,12,1,2,3,4,8
6,2134,844,441,1445,2,10,1994,214500,20,0,3,1,4,2,4,8
5,1192,596,189,596,1,6,1950,78000,24,0,9,1,5,3,4,8
5,1728,1728,352,1728,2,10,1964,119000,65,1,12,1,2,3,4,8
5,1056,1056,308,1056,1,6,1992,139000,59,1,12,1,2,3,4,8
8,1629,3206,880,1629,2,7,2004,284000,104,1,16,1,2,2,4,8
7,1358,1358,484,1358,2,6,2004,207000,105,1,16,1,2,2,4,8
6,1638,943,472,943,2,7,1998,192000,99,1,8,1,5,3,4,8
5,1786,1499,529,1619,2,7,1965,228950,66,1,23,1,0,3,4,8
9,1922,1922,676,1922,2,8,2006,377426,106,1,22,1,2,2,4,8
7,1536,1536,532,1536,2,7,2003,214000,103,1,5,1,2,2,4,8
7,1621,1208,440,1621,2,8,1998,202500,85,1,14,1,2,2,4,8
6,1215,1215,297,1215,1,6,1998,155000,59,1,12,1,2,3,4,8
8,1908,967,431,993,2,9,2002,202900,103,1,23,1,5,2,4,8
4,841,721,294,841,1,4,1950,82000,51,1,20,1,2,3,4,8
3,1040,0,400,1040,2,6,1950,87500,50,0,12,1,2,3,4,8
9,1684,1684,564,1684,2,6,2005,266000,106,1,16,1,2,0,4,8
5,1112,536,336,536,1,4,1976,85000,77,1,10,1,5,3,4,8
6,1577,972,312,972,1,6,1950,140200,42,1,3,1,0,1,4,8
6,958,958,301,958,1,5,1998,151500,61,1,12,1,2,3,4,8
6,1478,1478,498,1478,2,6,1960,157500,61,1,12,1,2,3,4,8
7,1626,764,474,764,2,6,2004,154000,104,1,16,1,5,2,4,8
9,2728,1848,706,1848,2,10,2006,437154,106,1,16,1,5,0,5,6
9,1869,1869,617,1869,2,6,2007,318061,108,1,16,1,2,0,5,6
7,1453,1453,445,1453,1,6,1986,190000,87,1,4,1,2,2,0,8
5,1111,616,200,616,1,5,1950,95000,44,0,7,1,0,3,4,5
6,720,624,484,720,1,5,2003,105900,32,1,17,1,2,3,4,8
6,1595,940,240,1192,1,6,2000,140000,43,1,18,1,0,3,4,8
6,1200,1200,521,1200,2,6,1995,177500,96,1,5,1,2,2,4,8
6,1167,1158,400,1167,2,6,1992,173000,93,1,8,1,2,2,4,8
5,1142,1142,528,1142,1,6,1976,134000,77,1,10,1,2,3,4,8
5,1352,1062,288,1352,1,6,1958,130000,59,1,4,1,7,2,0,8
8,1924,1086,592,1086,2,7,1998,280000,99,1,15,1,5,2,4,8
6,912,888,470,912,1,5,1978,156000,79,1,11,1,6,3,4,8
5,1505,883,240,988,1,8,1982,145000,43,1,3,1,0,3,4,8
7,1922,0,672,495,3,7,2003,198500,104,1,7,1,6,2,4,3
6,987,483,264,483,1,5,2007,118000,73,1,2,1,5,2,4,8
6,1574,796,566,790,2,6,1976,190000,77,1,14,1,5,3,4,8
5,1344,672,468,672,1,6,1997,147000,24,1,9,1,5,3,4,8
6,1394,1394,514,1394,1,6,1963,159000,64,1,12,1,2,3,4,8
6,1431,1099,296,1431,1,6,1962,165000,63,1,12,5,7,3,4,8
5,1268,1268,244,1268,1,7,1954,132000,55,1,12,1,2,3,4,8
5,1287,1063,576,1287,1,7,2006,162000,60,1,12,1,2,2,4,8
6,1664,953,460,953,2,7,2000,172400,101,1,8,1,5,3,4,8
4,1588,0,680,1120,2,7,1959,134432,60,1,4,1,0,3,4,8
6,752,744,264,752,1,4,1984,125000,85,1,20,1,2,3,4,8
5,1319,608,270,1319,1,5,1953,123000,54,1,12,1,2,3,4,8
7,1928,847,434,847,2,8,2004,219500,104,1,5,1,5,2,4,8
1,904,683,0,904,0,4,1950,61000,26,0,7,1,2,1,4,8
5,914,870,576,914,1,5,1996,148000,97,1,5,1,6,3,4,8
8,2466,1580,610,1580,3,8,2005,340000,105,1,21,1,5,2,4,8
9,1856,1856,834,1856,1,8,2010,394432,111,1,22,1,2,0,5,6
6,1800,982,463,1007,2,7,2000,179000,101,1,8,1,5,3,4,8
5,1691,1026,308,1026,2,6,1950,127000,28,1,18,1,0,2,4,8
7,1301,1293,572,1301,2,5,2006,187750,107,1,21,1,2,2,5,6
7,1797,939,639,939,2,8,2006,213500,107,1,5,1,5,2,4,8
6,784,784,360,784,1,5,1950,76000,32,0,20,1,1,3,4,8
6,1953,1580,501,1079,2,9,1992,240000,93,1,4,1,5,2,4,8
8,1269,1256,430,1269,2,6,2005,192000,105,1,0,1,2,2,4,8
5,1184,658,0,658,1,8,1996,81000,14,1,7,1,0,3,1,8
6,1125,1041,352,1125,1,6,1976,125000,77,1,7,1,7,3,0,8
7,1479,1468,577,1479,2,6,2000,191000,100,1,5,1,2,2,4,8
10,2332,1682,846,1742,2,9,2008,426000,108,1,16,1,5,0,5,6
5,1367,861,384,961,1,7,1950,119000,9,1,7,1,0,3,4,8
6,1961,804,560,804,2,7,2002,215000,102,1,11,1,5,2,4,8
5,882,0,294,882,1,5,1959,106500,60,1,12,1,2,3,4,8
4,788,788,0,788,1,4,1950,100000,44,1,3,1,2,3,0,8
5,1034,735,240,735,1,5,1950,109000,43,1,17,1,0,3,4,8
5,1144,1144,596,1144,1,6,1956,129000,57,1,7,1,2,3,4,8
5,894,894,600,894,1,6,1972,123000,73,1,5,1,2,3,4,8
5,1812,864,264,876,2,8,1962,169500,63,1,12,1,5,3,4,8
5,1077,961,338,1077,1,6,1950,67000,24,1,9,1,2,3,0,8
7,1550,1092,438,1112,2,7,2007,241000,107,1,21,1,5,2,4,8
8,1288,1260,500,1288,1,4,1996,245500,97,1,24,1,2,0,4,8
7,1310,1310,400,1310,2,6,2005,164990,106,1,5,1,2,2,5,6
5,672,672,240,672,1,4,1997,108000,43,1,19,1,2,3,4,8
8,2263,1141,420,1165,2,10,1998,258000,99,1,15,1,5,2,0,8
6,1572,806,373,806,2,7,1996,168000,96,1,8,1,5,3,4,8
4,1620,1281,490,1620,2,8,1993,150000,77,1,19,1,2,3,4,8
6,1639,1064,240,1166,1,6,1950,115000,39,1,18,1,0,3,4,8
6,1680,840,308,840,2,8,1976,177000,19,1,6,1,5,3,4,8
7,2172,1063,947,1071,2,9,2006,280000,107,1,16,1,5,2,5,6
8,2078,1034,836,1050,2,8,2008,339750,108,1,21,1,5,0,5,6
5,1276,1276,350,1276,1,5,1958,60000,59,1,7,1,2,3,0,0
5,1056,1056,572,1056,1,5,1955,145000,56,0,8,1,2,3,4,8
7,1478,1470,484,1478,2,7,2009,222000,110,1,21,1,2,2,5,6
5,1028,1008,360,1028,1,5,1950,115000,31,1,17,1,2,3,4,8
7,2097,1080,678,1080,2,9,1993,228000,94,1,20,1,5,2,4,8
7,1340,1340,396,1340,2,6,2007,181134,108,1,8,1,2,2,5,6
6,1400,672,440,672,1,6,1978,149500,79,1,19,1,5,3,4,8
6,2624,1370,864,1370,2,10,1950,239000,22,0,6,1,5,3,4,8
5,1134,756,240,756,1,7,1950,126000,43,0,7,1,0,3,1,8
5,1056,1056,304,1056,1,6,1968,142000,69,1,12,1,2,3,4,8
7,1344,1344,784,1344,2,8,1998,206300,98,1,11,1,6,3,2,8
6,1602,1602,529,1602,2,8,2000,215000,78,1,14,1,2,2,4,8
5,988,988,520,988,1,4,1954,113000,55,1,11,1,2,3,4,8
8,2630,1470,696,1470,2,8,1998,315000,99,1,15,1,5,2,4,8
6,1196,1196,297,1196,1,6,1956,139000,57,1,12,1,2,3,4,8
7,1389,651,240,707,1,6,1992,135000,47,1,17,1,5,3,4,8
7,1644,1518,569,1644,2,5,1989,275000,90,1,20,1,7,2,4,8
4,907,907,352,907,1,5,1957,109008,58,1,12,1,2,3,4,8
7,1208,1208,628,1208,2,6,2007,195400,108,1,5,1,2,2,5,6
6,1412,1392,576,1412,2,6,1988,175000,89,1,23,1,2,2,4,8
6,987,483,264,483,1,4,1971,85400,72,1,2,1,5,3,0,0
6,1198,901,0,1088,1,7,1998,79900,24,1,17,1,0,3,0,3
5,1365,765,440,765,1,6,1971,122500,72,1,2,1,5,3,4,8
6,1604,926,470,926,2,7,1998,181000,98,1,8,1,5,3,4,8
4,630,630,0,630,1,3,1972,81000,73,1,10,1,6,3,4,8
7,1661,799,550,827,2,6,1996,212000,97,1,5,1,5,2,4,5
6,1118,648,440,734,1,6,1950,116000,24,1,17,1,0,3,4,8
6,904,884,180,904,1,4,2004,119000,30,1,3,1,1,3,4,8
5,694,440,352,694,1,4,2002,90350,17,0,6,1,2,2,4,8
6,1196,684,528,684,1,7,2000,110000,24,1,7,1,0,2,4,4
10,2402,3094,672,2402,2,10,2008,555000,109,1,16,1,2,0,4,8
4,1440,1440,0,1440,2,8,1955,118000,56,0,7,1,2,1,4,8
5,1573,1078,360,1128,2,8,1992,162900,34,1,3,1,0,3,4,8
7,1258,1258,648,1258,2,6,2007,172500,107,1,0,1,2,2,5,6
7,1908,915,493,933,2,8,1995,210000,95,1,5,1,5,2,4,8
6,1689,1436,480,1689,1,7,1956,127500,57,1,7,1,2,3,4,0
6,1888,1517,578,1888,2,6,2002,190000,67,1,12,1,2,2,4,8
7,1886,930,431,956,2,10,1999,199900,99,1,8,1,5,2,4,8
6,1376,780,198,780,2,7,1950,119500,40,1,9,1,0,3,4,8
3,1183,649,308,679,1,6,2002,120000,49,1,17,1,0,3,4,8
6,813,813,270,813,1,5,2005,110000,34,1,17,1,2,2,4,8
7,1533,1533,576,1533,2,5,1975,280000,76,1,4,7,2,2,4,8
6,1756,872,422,888,2,7,1997,204000,97,1,23,1,5,3,4,8
8,1590,768,676,786,2,6,2008,210000,109,1,21,1,5,2,4,8
5,1728,1728,560,1728,2,8,1976,188000,77,1,11,1,2,3,3,8
7,1242,1242,528,1242,1,6,1973,175500,74,1,14,1,2,3,4,8
5,1344,624,513,624,1,7,1950,98000,20,0,17,1,5,3,0,0
4,1663,1364,529,1663,1,6,1994,256000,55,1,4,5,2,2,4,8
8,1666,588,228,833,1,7,1996,161000,29,1,17,1,5,2,4,8
5,1203,709,352,979,1,5,1950,110000,51,1,3,1,0,2,4,8
8,1935,832,552,832,2,8,2009,263435,110,1,21,1,5,3,5,6
7,1135,560,576,575,1,6,2007,155000,39,1,18,1,5,2,4,8
5,864,864,360,864,1,5,1965,62383,66,1,19,1,2,3,4,8
6,1660,715,240,849,1,6,1995,188700,37,1,6,1,5,3,4,8
5,1040,1040,0,1040,2,5,1978,124000,79,1,5,1,2,3,4,8
7,1414,1375,398,1414,2,6,2004,178740,105,1,0,1,2,2,4,8
7,1277,1277,526,1277,1,5,1970,167000,71,1,12,5,2,3,4,8
5,1644,728,312,888,1,7,1995,146500,45,1,12,1,5,2,4,8
8,1634,1626,866,1634,2,7,2006,250000,107,1,16,1,2,2,4,8
6,1710,832,506,832,2,7,1993,187000,94,1,20,1,5,2,4,8
8,1502,1488,528,1502,1,4,1985,212000,86,1,22,1,2,2,4,8
7,1969,808,534,1161,2,8,1977,190000,78,1,14,6,5,3,4,8
6,1072,547,525,1072,1,5,2005,148000,106,1,7,1,7,3,4,8
8,1976,1976,908,1976,2,7,2007,440000,107,1,16,1,2,2,5,6
8,1652,1494,499,1652,2,6,2000,251000,101,1,22,1,2,0,4,8
5,970,970,624,970,1,5,1963,132500,64,1,19,1,2,3,4,8
6,1493,1478,508,1493,2,7,1998,208900,98,1,5,1,2,2,4,8
9,2643,2153,694,2069,2,9,2006,380000,107,1,16,1,5,0,4,8
8,1718,1705,826,1718,2,7,2008,297000,108,1,5,1,2,2,4,8
4,1131,907,672,1131,1,7,2000,89471,40,1,17,1,2,3,2,8
9,1850,1833,772,1850,2,8,2005,326000,105,1,16,1,2,2,4,8
9,1792,1792,874,1792,2,6,2004,374000,104,1,16,1,2,0,4,8
7,1826,910,164,916,1,7,2005,155000,19,1,17,1,5,0,4,8
6,1216,1216,402,1216,2,5,1998,164000,99,1,11,1,2,3,4,8
5,999,999,264,999,1,6,2001,132500,63,1,19,1,2,2,4,8
5,1113,1113,264,1113,1,5,2007,147000,51,1,12,1,2,2,4,8
5,1073,1073,515,1073,1,6,1965,156000,66,1,12,1,2,3,4,8
5,1484,1484,487,1484,2,7,1971,175000,72,1,14,1,2,3,4,8
5,2414,954,520,1766,2,10,1970,160000,9,0,17,1,0,3,4,3
4,630,630,286,630,1,3,2002,86000,71,1,10,1,6,2,4,8
5,1304,264,336,616,1,4,1976,115000,77,1,10,1,5,3,4,8
6,1578,806,240,958,1,5,1950,133000,44,1,12,1,0,1,4,8
6,1456,728,429,728,2,8,2006,172785,107,1,8,1,5,3,5,6
5,1269,1269,308,1269,1,6,1960,155000,61,1,12,1,2,3,4,8
5,886,190,273,886,1,4,1996,91300,41,1,17,1,2,3,4,8
4,720,720,0,720,1,4,1950,34900,24,0,9,1,2,3,0,8
8,3228,3200,546,3228,3,10,1993,430000,93,1,15,1,2,2,4,8
7,1820,1026,240,1133,2,8,1950,184000,29,1,3,1,0,3,4,8
5,899,864,288,899,1,5,2004,130000,68,1,19,1,2,2,4,8
5,912,912,297,912,1,5,1985,120000,59,1,12,1,2,3,4,8
6,1218,672,264,672,1,7,1973,113000,74,1,2,1,5,3,4,8
7,1768,866,603,866,2,7,2005,226700,106,1,21,1,5,2,4,8
5,1214,1214,461,1214,1,6,1965,140000,66,1,7,1,2,3,4,8
7,1801,1501,484,1801,2,6,1997,289000,60,1,6,1,2,3,4,8
6,1322,855,440,855,2,6,1974,147000,75,1,13,1,5,3,4,8
5,1960,960,400,960,2,10,1952,124500,53,1,17,1,5,3,4,0
8,1911,777,471,1065,2,8,1994,215000,94,1,20,1,5,2,4,8
6,1218,1218,676,1218,2,4,2009,208300,110,1,21,1,2,2,5,6
7,1378,689,360,689,2,7,2005,161000,32,1,17,1,5,2,4,8
5,1041,1041,270,1041,1,6,1959,124500,60,1,12,1,2,3,4,8
5,1363,1008,288,1363,1,6,2000,164900,52,1,12,1,2,3,4,8
7,1368,1368,474,1368,2,6,2006,202665,106,1,16,1,2,2,5,6
5,864,864,624,864,1,5,1958,129900,59,1,12,1,2,3,4,8
6,1080,1084,484,1080,1,5,1983,134000,84,1,11,1,2,3,4,8
5,789,768,200,789,1,5,1950,96500,30,0,6,1,1,3,4,8
10,2020,2006,900,2020,2,9,2009,402861,110,1,16,1,2,0,5,6
6,2119,689,583,1378,2,7,1972,158000,73,1,14,1,7,3,0,0
7,2344,1264,889,1277,2,7,1997,265000,97,1,15,1,5,2,4,8
6,1796,794,546,882,2,7,1998,211000,99,1,5,1,5,3,4,8
7,2080,1276,282,1276,1,9,2004,234000,30,1,6,1,5,2,4,8
4,1294,0,0,694,2,7,2000,106250,9,0,17,1,5,3,4,8
6,1244,1244,336,1244,1,6,1957,150000,58,1,12,1,2,3,4,8
6,1664,1004,420,1004,2,7,1950,159000,48,1,3,1,0,3,4,8
10,4676,3138,884,3138,3,11,2008,184750,108,1,7,1,5,0,5,6
7,2398,1379,834,1383,2,8,1997,315750,97,1,15,1,5,2,4,8
7,1266,1257,453,1266,2,6,2005,176000,106,1,21,1,2,2,4,8
5,928,928,252,928,1,4,2000,132000,57,1,12,1,2,3,4,8
9,2713,1452,858,1476,2,11,2008,446261,109,1,16,1,5,0,5,6
4,605,528,0,605,1,5,2002,86000,24,1,7,1,2,3,4,8
6,2515,2035,484,2515,3,9,1975,200624,58,1,6,1,2,3,2,8
6,1509,1461,600,1509,2,5,1989,175000,89,1,23,1,7,2,0,8
6,1362,611,502,751,2,6,1999,128000,24,1,3,1,5,3,4,8
5,827,0,392,827,1,5,2007,107500,56,1,12,1,2,3,4,8
1,334,0,0,334,1,2,1950,39300,47,0,3,1,2,1,4,8
8,1414,707,403,707,2,6,2004,178000,105,1,8,1,5,2,4,8
5,1347,1117,0,820,1,5,1991,107500,14,1,7,1,5,3,4,8
7,1724,880,527,880,2,8,1999,188000,99,1,5,1,5,2,4,8
4,864,864,576,864,1,5,1972,111250,73,1,12,1,2,3,4,0
5,1159,1051,336,1159,1,7,1968,158000,69,1,19,1,2,3,4,8
8,1601,1581,670,1601,2,6,2002,272000,102,1,5,1,2,2,4,8
9,1838,1838,765,1838,2,8,2006,315000,107,1,23,1,2,0,4,8
8,2285,969,648,997,2,8,2000,248000,101,1,15,1,5,2,4,8
7,1680,1650,583,1680,2,7,1999,213250,99,1,14,1,2,2,4,8
7,767,723,367,767,1,4,1998,133000,99,1,12,1,6,3,4,8
7,1496,654,426,664,2,7,2006,179665,107,1,8,1,5,2,5,6
7,2183,1204,786,1377,2,9,1988,229000,89,1,14,1,0,2,4,8
6,1635,1065,440,915,1,6,1950,210000,27,1,3,1,0,3,4,8
5,768,768,624,768,1,5,1970,129500,71,1,11,1,6,3,4,8
5,825,825,720,825,1,4,1995,125000,56,1,17,1,2,3,4,8
7,2094,912,615,912,2,8,2004,263000,104,1,21,1,5,2,4,8
6,1069,1069,440,1069,2,4,1977,140000,78,1,13,1,2,3,0,0
5,928,928,288,928,1,5,1957,112500,58,1,17,1,2,3,4,8
8,1717,1709,908,1717,2,7,2006,255500,107,1,16,1,2,2,4,8
4,1126,0,520,1126,2,5,2003,108000,50,1,7,1,2,2,4,8
7,2046,998,871,1006,2,8,2004,284000,104,1,16,1,5,2,4,8
5,1048,993,280,1048,1,5,1950,113000,26,1,3,1,1,3,4,8
5,1092,1092,299,1092,1,6,1957,141000,58,1,12,1,2,3,4,8
4,1336,637,570,897,1,7,1950,108000,24,1,9,1,0,3,4,0
7,1446,729,406,729,2,6,1997,175000,97,1,8,1,5,3,4,8
7,1557,1374,420,1557,2,7,2004,234000,104,1,0,1,2,2,4,8
5,1392,1392,528,1392,1,5,1996,121500,58,1,19,1,2,3,4,8
5,1389,1389,418,1389,1,6,1975,170000,75,1,11,1,2,3,4,8
5,996,996,0,996,1,6,1969,108000,43,1,7,1,2,3,4,8
6,1674,1163,396,1163,2,8,1950,185000,22,1,7,1,0,3,4,8
7,2295,1095,590,1166,2,9,2000,268000,93,1,15,1,5,2,4,8
6,1647,806,216,841,1,6,1950,128000,19,0,18,1,5,1,4,8
9,2504,1122,656,1134,2,11,2007,325000,106,1,22,1,5,0,4,8
7,1535,1517,532,1535,2,7,2004,214000,105,1,16,1,2,2,4,8
8,2132,1496,612,1496,1,5,2009,316600,84,1,20,1,0,2,4,8
5,943,943,600,943,1,4,1979,135960,80,1,12,1,6,3,4,8
5,1728,1728,576,1728,2,10,1965,142600,66,1,12,1,2,3,4,8
6,864,864,288,864,1,4,1959,120000,60,1,12,1,2,2,0,8
7,1692,846,650,846,2,6,2009,224500,110,1,23,1,5,2,5,6
7,1430,384,400,774,2,8,2000,170000,101,1,8,1,7,3,4,8
5,1109,372,288,576,1,5,2005,139000,72,1,12,1,7,3,4,8
5,1216,832,336,832,1,6,1950,118500,48,1,12,1,0,3,0,0
7,1477,861,216,877,2,6,1950,145000,32,1,18,1,0,3,4,8
5,1320,1164,564,1320,1,6,1966,164500,67,1,19,1,7,3,0,8
7,1392,689,540,703,2,5,2007,146000,108,1,21,1,5,2,0,8
5,1795,1050,352,1050,2,7,1954,131500,55,0,17,1,0,3,4,8
6,1429,1144,572,1429,1,7,1987,181900,61,1,12,1,2,2,4,8
8,2042,2042,1390,2042,2,8,2009,253293,109,1,16,1,2,0,5,6
6,816,816,0,816,1,5,1990,118500,91,1,7,1,6,3,4,8
10,2775,1237,880,1521,3,9,2000,325000,7,1,17,1,4,2,4,8
4,1573,884,240,989,1,6,1995,133000,38,1,3,1,0,2,4,8
8,2028,1868,880,2028,2,7,2006,369900,106,1,23,1,2,2,5,6
6,838,816,275,838,1,5,2000,130000,22,1,3,1,2,1,4,8
5,860,840,528,860,1,4,1982,137000,83,1,19,1,6,3,4,8
5,1473,1437,452,1473,1,5,2003,143000,69,1,4,5,2,0,5,8
5,935,742,308,779,1,4,1960,79500,34,1,3,1,2,3,4,8
7,1582,770,520,770,2,6,2004,185900,105,1,5,1,5,2,4,8
10,2296,1722,842,1728,2,10,2008,451950,109,1,16,1,5,0,4,4
5,816,816,816,816,1,4,2003,138000,83,1,11,1,2,3,4,8
6,848,848,420,848,1,4,2003,140000,104,1,5,1,2,2,4,8
5,924,924,280,924,1,5,1975,110000,76,1,5,1,2,3,4,8
8,1826,1814,758,1826,2,7,2006,319000,106,1,22,1,2,2,5,6
6,1368,684,216,684,1,7,1993,114504,14,0,17,1,5,3,4,8
7,1402,1258,648,1402,0,7,2007,194201,107,1,0,1,2,2,5,6
5,1647,1430,621,1647,2,7,1977,217500,78,1,6,1,2,2,4,8
6,1556,716,452,716,2,6,1980,151000,81,1,1,1,5,3,4,0
8,1904,1058,736,1058,2,8,2005,275000,106,1,16,1,5,0,4,8
6,1375,780,544,780,1,6,1950,141000,40,1,9,1,0,2,4,8
8,1915,908,506,927,2,8,1992,220000,93,1,20,1,5,2,0,8
7,1200,600,480,600,2,4,2005,151000,105,1,21,1,5,2,4,8
7,1494,1494,530,1494,2,6,2002,221000,103,1,5,1,2,2,4,8
7,1986,768,486,1186,2,7,1990,205000,66,1,12,1,5,3,4,8
5,1040,1040,576,1040,1,6,1996,152000,97,1,5,1,2,2,4,8
5,2008,896,230,1112,3,8,2002,225000,49,1,7,1,5,0,4,8
8,3194,965,380,1940,2,10,1998,359100,37,1,6,1,5,3,2,8
4,1029,1029,261,1029,1,5,1961,118500,62,1,19,1,2,3,4,8
9,2153,1440,736,1476,2,8,2000,313000,101,1,5,1,5,0,4,8
6,1032,1032,564,1032,2,6,1978,148000,79,1,14,1,7,3,4,8
8,1872,1299,531,1299,2,7,2001,261500,102,1,5,1,5,0,4,8
5,1120,1120,0,1120,1,6,2007,147000,108,1,11,1,2,3,5,6
4,630,630,0,630,1,3,1972,75500,73,1,10,1,6,3,4,8
6,1054,936,480,1054,1,6,1963,137500,64,1,12,1,6,2,0,8
6,1509,783,393,807,2,7,2003,183200,103,1,8,1,5,2,4,8
6,832,832,528,832,1,4,1954,105500,55,1,12,1,1,2,4,8
9,1828,1822,774,1828,2,9,2007,314813,108,1,16,1,2,2,5,6
8,2262,1482,749,1482,2,10,2003,305000,104,1,23,1,5,2,4,8
3,864,864,0,864,1,5,1950,67000,18,0,7,1,2,3,4,8
6,2614,1522,624,1548,2,9,1997,240000,75,1,14,1,5,3,4,8
5,980,980,484,980,1,6,1977,135000,78,1,19,1,2,3,4,8
6,1512,756,440,756,2,4,2000,168500,101,1,21,1,5,2,4,8
6,1790,732,484,1012,1,8,1972,165150,73,1,14,1,5,3,4,8
6,1116,1116,440,1116,1,5,1962,160000,63,1,12,1,2,3,4,8
5,1422,978,286,1422,1,6,1978,139900,61,1,12,1,2,3,4,8
6,1520,1156,364,1520,1,7,1972,153000,56,1,12,1,7,3,4,8
5,2080,1040,504,1040,1,9,1969,135000,70,1,12,1,5,1,3,8
6,1350,1248,520,1350,1,6,1964,168500,65,1,12,7,7,3,4,8
5,1750,636,240,1089,1,8,1991,124000,2,1,17,1,5,0,0,8
8,1554,1554,627,1554,2,6,2006,209500,107,1,16,1,2,2,4,8
7,1411,1386,544,1411,2,6,1977,82500,78,1,14,1,2,3,3,8
5,1056,1056,260,1056,1,6,2005,139400,55,1,12,1,2,3,4,8
6,1056,1056,576,1056,0,4,1980,144000,81,1,17,1,6,3,4,8
6,3395,1440,0,1440,2,14,1995,200000,18,1,18,1,3,1,0,8
2,800,264,0,800,1,4,1950,60000,39,0,3,1,2,1,4,5
5,1387,811,256,811,2,7,1954,93000,55,1,17,1,0,2,4,8
5,796,796,0,796,1,4,1950,85000,14,1,7,1,2,3,4,8
8,1567,1520,648,1567,2,7,2006,264561,107,1,0,1,2,0,5,6
8,1518,1518,588,1518,1,6,2004,274000,104,1,16,1,2,0,4,8
7,1929,1057,650,1057,2,7,2001,226000,102,1,21,1,5,2,4,8
8,2704,1952,538,2000,2,9,1995,345000,73,1,12,1,7,0,4,8
5,1620,780,462,780,2,7,1969,152000,70,1,14,1,5,3,4,8
9,1766,1766,478,1766,2,7,2009,370878,110,1,21,1,2,0,5,6
6,981,981,576,981,1,5,1971,143250,72,1,12,1,2,3,4,8
5,1048,0,420,1048,1,7,1950,98300,51,1,12,1,2,3,4,8
6,1094,1094,495,1094,1,5,1953,155000,54,1,7,1,2,3,4,8
6,1839,756,442,1051,1,7,1966,155000,67,1,12,1,5,3,4,8
4,630,630,0,630,1,3,1970,84500,71,1,10,1,6,3,4,8
7,1665,813,562,822,2,7,2007,205950,108,1,21,1,5,2,4,8
4,1510,755,296,755,1,7,1950,108000,43,1,7,1,5,3,4,8
7,1716,880,512,909,2,7,1996,191000,97,1,5,1,5,2,4,8
6,1469,756,216,756,1,7,1995,135000,12,1,9,1,0,3,4,8
8,2113,2109,839,2113,2,7,1995,350000,96,1,15,1,2,2,4,8
6,1092,525,264,525,1,6,1971,88000,72,1,2,1,5,3,3,8
5,1053,1053,312,1053,1,5,2006,145500,60,1,12,1,2,2,4,8
7,1502,776,270,851,1,6,2000,149000,35,1,6,1,5,3,4,8
6,1458,912,330,912,1,6,1950,97500,49,1,12,1,0,3,0,8
5,1486,1486,480,1486,1,7,1999,167000,65,1,7,1,2,3,4,8
7,1935,793,550,1142,2,7,1976,197900,77,1,14,1,5,3,4,8
8,2448,1629,711,1686,2,8,2005,402000,95,1,15,1,5,2,4,8
6,1392,1392,576,1392,1,5,1968,110000,69,1,12,1,2,3,4,8
4,1181,1138,588,1181,2,6,1972,137500,73,1,7,1,6,3,4,8
8,2097,2077,1134,2097,1,8,2006,423000,106,1,21,1,2,0,5,6
8,1936,1406,504,1454,2,7,2000,230500,101,1,8,1,5,2,4,8
6,2380,1021,596,1465,2,7,1979,129000,66,1,12,5,5,3,0,8
6,1679,1408,575,1679,2,7,1998,193500,95,1,20,1,2,2,4,8
5,1437,1188,576,1437,1,6,1987,168000,57,1,19,1,2,3,4,8
4,1180,700,252,1180,1,5,1950,137500,26,1,6,1,2,1,4,8
6,1476,738,540,738,2,7,2005,173500,106,1,5,1,5,2,4,8
6,1369,672,300,697,2,6,1950,103600,29,0,7,1,5,3,4,8
6,1208,1208,546,1208,1,6,1977,165000,78,1,24,1,2,3,4,8
6,1839,1477,416,1839,2,7,2004,257500,58,1,6,1,2,2,4,8
6,1136,1136,384,1136,1,5,1965,140000,66,1,12,1,2,3,4,8
6,1441,855,440,855,2,7,1978,148500,79,1,13,1,5,3,4,8
4,1774,1095,779,1095,2,8,1950,87000,9,0,17,1,5,3,4,8
5,792,768,240,792,1,5,2006,109500,28,1,17,1,2,2,4,8
8,2046,2046,834,2046,2,7,2008,372500,109,1,22,1,2,2,5,6
5,988,988,572,988,1,5,1961,128500,62,1,19,1,2,3,4,8
6,923,923,264,923,2,5,1980,143000,81,1,20,1,2,3,4,8
5,1520,793,281,848,1,6,2000,159434,36,1,18,1,0,3,0,8
6,1291,1291,431,1291,1,6,1997,173000,97,1,4,1,2,2,4,8
9,1668,1626,702,1668,2,7,2002,285000,103,1,5,1,2,2,4,8
7,1839,1195,486,1195,2,7,1998,221000,99,1,15,1,5,3,4,8
7,2090,1190,577,1190,2,6,1984,207500,85,1,22,1,5,2,4,8
7,1761,874,578,874,3,7,2007,227875,108,1,21,1,5,2,5,6
7,1102,551,480,551,2,4,2004,148800,105,1,21,1,5,2,4,8
8,1419,1419,567,1419,2,7,2007,392000,108,1,22,1,2,2,5,6
6,1362,1362,460,1362,2,6,2006,194700,106,1,16,1,2,2,4,8
6,848,848,420,848,1,3,2004,141000,105,1,5,1,2,2,4,8
10,4316,2444,832,2444,3,10,1995,755000,95,1,15,7,5,0,4,8
7,2519,1210,628,1238,2,9,1990,335000,90,1,23,1,5,2,4,8
5,1073,1073,326,1073,1,4,1968,108480,25,1,17,1,2,3,0,8
5,1539,927,576,1067,1,5,1950,141500,39,1,3,1,0,3,4,8
6,1137,1112,551,1137,2,5,1987,176000,88,1,23,1,2,2,4,8
5,616,616,205,616,1,4,1950,89000,25,1,3,1,2,3,4,8
5,1148,980,308,1148,1,6,1952,123500,53,1,7,1,2,3,4,8
5,894,894,336,894,1,5,2009,138500,66,1,19,1,2,3,4,8
7,1391,1391,530,1391,2,5,2004,196000,105,1,21,1,2,2,4,8
8,1800,1800,765,1800,2,7,2002,312500,103,1,23,1,2,2,4,8
7,1164,1164,528,1164,1,6,1969,140000,70,1,14,1,2,3,4,0
8,2576,1234,666,1264,2,10,2006,361919,107,1,22,1,5,0,5,6
5,1812,360,672,1032,2,8,1996,140000,9,1,17,1,5,2,4,8
7,1484,1473,606,1484,2,7,2005,213000,105,1,5,1,2,2,4,8
4,1092,0,0,372,2,7,1950,55000,34,0,9,1,5,1,4,8
7,1824,1643,739,1824,2,5,2002,302000,72,1,4,1,2,2,4,8
8,1324,1324,550,1324,2,6,2006,254000,107,1,16,1,2,2,4,8
7,1456,728,400,728,2,8,2007,179540,108,1,8,1,5,2,5,6
5,904,876,408,904,1,6,1966,109900,67,1,19,1,2,3,0,8
3,729,270,0,729,1,5,2003,52000,38,1,3,1,2,3,4,8
4,1178,859,384,859,1,7,1950,102776,9,1,9,1,0,3,0,8
8,1228,1228,472,1228,2,5,1989,189000,89,1,22,1,2,2,4,8
4,960,960,576,960,1,6,1970,129000,71,0,3,1,2,3,4,8
6,1479,725,475,725,2,6,2005,130500,77,1,19,1,5,2,4,8
6,1350,1064,478,1350,2,7,1974,165000,75,1,14,1,2,3,4,8
7,2554,718,704,1576,1,8,1998,159500,5,1,17,1,5,3,4,8
5,1178,1176,439,1178,1,5,2000,157000,74,1,14,1,2,2,4,8
7,2418,1311,983,1325,2,9,1994,341000,94,1,15,1,5,2,4,8
5,971,971,300,971,1,5,1969,128500,70,1,5,1,2,3,4,8
8,1742,1742,564,1742,2,5,1985,275000,86,1,22,1,2,2,4,8
6,848,848,420,848,1,3,2004,143000,105,1,5,1,2,2,4,8
4,864,864,463,864,1,5,1970,124500,71,1,12,1,2,3,4,8
4,1470,941,548,997,2,7,1972,135000,55,1,7,1,0,3,4,8
9,1698,1698,768,1698,2,8,2008,320000,108,1,7,1,2,0,4,8
4,864,864,660,864,1,5,1970,120500,71,1,12,1,2,2,4,8
6,1680,880,540,1680,2,5,2007,222000,89,1,6,1,2,2,4,8
7,1232,1232,632,1232,2,6,2007,194500,108,1,5,1,2,2,4,8
5,1776,1584,888,1776,2,9,1958,110000,59,1,12,1,2,3,0,0
4,1208,780,539,848,1,5,1950,103000,29,1,9,1,0,3,4,8
8,1616,1595,608,1616,2,5,1996,236500,96,1,22,1,2,2,4,8
7,1146,868,438,1146,2,6,2003,187500,104,1,23,1,7,2,4,8
7,2031,1153,541,1153,2,8,1999,222500,99,1,5,1,5,2,4,8
5,1144,864,264,1144,1,6,1983,131400,62,1,19,1,2,3,4,8
5,948,948,300,948,1,6,1968,108000,69,1,19,1,2,3,3,8
7,1768,880,320,880,1,6,1970,163000,18,0,17,1,4,3,4,8
3,1040,0,400,1040,2,6,1950,93500,51,0,12,1,2,3,4,8
8,1801,893,800,901,2,8,2005,239900,106,1,8,1,5,2,4,8
5,1200,1200,0,1200,3,5,1988,179000,88,1,7,1,2,3,2,8
7,1728,864,572,864,2,7,2004,190000,105,1,5,1,5,2,4,8
5,1432,264,360,768,2,7,2002,132000,14,1,17,1,5,3,0,8
6,912,912,288,912,1,5,1996,142000,62,1,19,1,2,2,4,8
7,1349,1349,539,1349,2,6,2001,179000,101,1,20,1,2,3,4,8
5,1464,520,480,1464,2,6,1999,175000,64,1,19,1,7,3,4,8
8,1337,1337,462,1337,2,5,1993,180000,94,1,22,1,2,2,4,8
8,2715,1142,831,1175,3,11,1996,299800,77,1,14,1,5,2,4,8
7,2256,952,554,980,2,8,2000,236000,101,1,8,1,5,2,4,8
7,2640,1240,864,1320,1,8,2003,265979,2,0,17,1,5,2,4,8
7,1720,1720,527,1720,2,7,1996,260400,97,1,15,1,2,2,4,8
4,1529,0,240,1088,2,9,1950,98000,46,0,7,1,0,3,4,8
4,1140,576,0,792,1,7,2004,96500,14,1,17,1,0,3,4,8
7,1320,660,400,660,2,6,2003,162000,104,1,8,1,5,2,4,8
6,1494,1479,576,1494,2,6,1997,217000,98,1,5,1,2,2,4,8
8,2098,1030,878,1038,2,8,2005,275500,106,1,16,1,5,0,4,8
6,1026,1026,440,1026,1,5,2005,156000,70,1,12,1,2,2,4,8
6,1471,729,440,742,2,6,1999,172500,100,1,21,1,5,3,4,8
8,1768,866,578,866,2,7,2007,212000,108,1,5,1,5,2,4,8
6,1386,672,440,672,2,6,1978,158900,79,1,19,1,5,3,0,8
7,1501,744,440,757,2,6,1999,179400,100,1,21,1,5,3,4,8
8,2531,1318,752,1328,2,9,1995,290000,96,1,15,1,5,2,4,8
6,864,864,300,864,1,5,1959,127500,60,1,12,1,2,3,4,8
5,1301,1145,440,1301,1,5,1950,100000,28,1,3,1,2,1,4,8
7,1547,756,614,764,2,7,2009,215200,110,1,21,1,5,2,4,2
8,2365,1252,856,1268,2,8,1999,337000,100,1,15,1,5,2,4,8
8,1494,1494,481,1494,1,6,1996,270000,96,1,24,1,2,0,4,8
9,1506,1498,592,1506,2,6,2008,264132,109,1,21,1,2,0,5,6
7,1714,980,496,980,2,7,1988,196500,89,1,14,1,5,3,4,8
6,1750,983,423,983,2,7,1985,160000,43,1,11,1,0,3,4,8
7,1836,1860,484,1836,2,8,2005,216837,105,1,5,1,2,2,4,8
8,3279,1650,841,1690,3,12,2003,538000,104,1,22,1,5,0,4,8
5,858,858,576,858,1,5,1982,134900,83,1,19,1,6,3,4,8
4,1220,836,396,1220,1,6,1951,102000,52,1,7,1,2,3,4,0
6,1117,1029,672,1117,1,6,1976,107000,77,1,7,1,7,3,0,8
5,912,912,275,912,1,5,1958,114500,59,1,12,1,2,3,4,0
8,1973,1935,895,1973,2,9,2006,395000,107,1,16,1,2,2,5,6
6,1204,1204,412,1204,2,5,1998,162000,99,1,11,1,2,3,4,8
7,1614,1614,865,1614,2,7,2006,221500,106,1,5,1,2,2,5,6
5,894,864,440,894,1,5,1974,142500,75,1,19,1,2,3,4,8
5,2020,0,630,2020,2,10,1977,144000,78,1,20,1,2,3,4,8
6,1004,975,504,1004,1,4,1977,135000,78,1,11,1,6,3,4,8
7,1253,1237,402,1253,2,6,1996,176000,96,1,8,1,2,3,4,8
6,1603,761,484,810,2,7,1992,175900,93,1,20,1,5,2,4,8
7,1430,1413,605,1430,2,6,2002,187100,102,1,5,1,2,2,4,8
5,1110,1097,602,1110,1,4,1978,165500,79,1,11,1,6,2,4,8
6,1484,742,0,742,2,9,2001,128000,18,1,17,1,4,3,4,8
6,1342,1372,457,1342,2,7,1967,161500,68,1,14,1,2,3,4,8
5,1652,686,416,966,2,7,1950,139000,19,1,17,1,0,3,4,8
7,2084,956,618,956,2,8,2004,233000,105,1,20,1,5,2,4,8
4,901,901,281,901,1,4,2000,107900,55,1,17,1,2,3,4,8
6,2087,832,444,976,2,9,2007,187500,67,1,4,1,5,2,4,8
7,1145,1145,397,1145,2,5,2006,160200,106,1,0,1,2,2,4,8
6,1062,1029,539,1062,1,5,1976,146800,77,1,11,1,7,3,4,8
7,2013,1117,455,1127,2,8,1997,269790,97,1,15,1,5,3,4,8
8,1496,1496,474,1496,2,7,2007,225000,108,1,21,1,2,2,5,6
7,1895,712,409,1086,2,7,1996,194500,95,1,8,1,5,2,4,8
6,1564,650,476,888,2,7,1981,171000,81,1,20,1,5,3,4,8
6,1285,660,528,1285,1,7,1977,143500,78,1,19,1,2,3,4,8
5,773,773,240,773,1,4,1953,110000,54,1,12,1,2,3,0,8
9,3140,1926,820,1966,3,11,2009,485000,109,1,16,1,5,0,5,6
5,1768,731,240,981,1,7,1950,175000,40,1,18,1,0,2,4,8
6,1688,616,603,616,2,8,1997,200000,98,1,4,1,5,2,4,8
4,1196,1196,440,1196,1,5,1990,109900,20,1,9,1,2,3,4,8
7,1456,728,410,728,2,7,2005,189000,106,1,5,1,5,2,4,8
9,2822,1734,1020,1734,3,12,2009,582933,109,1,16,1,5,0,5,6
5,1128,936,286,1128,1,5,1954,118000,55,1,12,1,2,3,3,8
7,1428,1417,554,1428,2,6,2008,227680,109,1,21,1,2,0,5,6
5,980,980,384,980,2,6,1967,135500,68,1,12,1,7,3,4,8
5,1576,1324,528,1072,1,6,2004,223500,27,1,3,1,5,2,4,8
5,1086,1024,484,1086,1,6,1966,159950,67,1,12,1,7,3,4,8
5,2138,849,360,1075,2,11,1965,106000,8,0,17,1,4,3,4,8
6,1309,1040,484,1309,1,5,1999,181000,75,1,14,1,2,2,4,8
6,848,848,420,848,1,4,2004,144500,105,1,5,1,2,2,4,3
5,1044,540,504,1044,1,4,1952,55993,53,0,9,1,2,1,2,8
6,1442,1442,301,1442,1,7,1958,157900,59,1,12,1,2,3,4,0
5,1250,686,280,686,1,7,1950,116000,22,1,7,1,0,1,4,8
7,1661,1649,598,1661,2,6,1998,224900,99,1,5,1,2,2,4,8
5,1008,1008,275,1008,1,4,1954,137000,55,1,12,1,2,3,4,8
8,1689,1568,857,1689,2,7,2002,271000,103,1,11,1,2,2,4,8
6,1052,1010,440,1052,1,6,1971,155000,72,1,4,1,7,3,4,8
7,1358,1358,484,1358,2,6,2010,224000,110,1,16,1,2,2,5,6
7,1640,798,595,798,2,6,2003,183000,104,1,5,1,5,2,4,8
4,936,936,576,936,1,4,1953,93000,54,0,17,1,2,3,4,8
7,1733,847,433,847,2,7,2003,225000,104,1,8,1,5,2,3,8
6,1489,778,240,944,2,7,1950,139500,43,1,18,1,0,3,4,8
8,1489,1489,776,1489,2,7,2006,232600,107,1,21,1,2,2,5,6
10,2084,2078,1220,2084,2,7,2008,385000,108,1,16,1,2,0,5,6
5,784,784,0,784,1,5,1950,109500,28,1,3,1,1,2,4,8
7,1434,1454,527,1434,2,6,2001,189000,102,1,20,1,2,2,4,8
5,2126,1013,538,1160,2,7,1967,185000,68,1,4,5,5,3,0,8
7,1223,600,480,520,2,4,2005,147400,106,1,21,1,5,2,4,8
6,1392,1392,458,1392,1,6,1957,166000,58,1,12,1,2,3,4,8
7,1200,600,480,520,2,4,2005,151000,106,1,21,1,5,2,4,8
7,1829,941,613,941,2,7,2003,237000,104,1,5,1,5,2,4,8
6,1516,1516,472,1516,1,6,1964,167000,65,1,12,1,2,3,4,8
5,1144,1144,456,1144,1,6,1961,139950,62,1,12,1,2,3,4,8
4,1067,1067,436,1067,2,4,1995,128000,51,1,19,1,2,2,4,8
5,1559,1559,812,1559,1,5,1973,153500,49,1,17,1,2,3,4,0
6,987,483,264,483,1,5,1973,100000,74,1,2,1,5,3,4,8
5,1099,1099,352,1099,1,6,2006,144000,96,1,5,1,2,2,4,8
5,1200,768,240,768,1,6,1995,130500,47,1,7,1,0,3,4,8
6,1482,672,400,810,2,7,1950,140000,29,0,18,1,5,1,4,8
5,1539,650,686,958,2,8,2002,157500,10,1,17,1,5,2,4,8
6,1165,1127,490,1165,1,6,1966,174900,67,1,12,1,7,3,4,8
5,1800,1800,0,1800,2,10,1961,141000,62,0,12,1,2,3,4,8
5,1416,876,720,876,1,7,1950,153900,19,1,17,1,0,3,4,8
5,1701,1390,611,1701,2,6,1981,171000,76,1,19,1,6,3,4,8
7,1775,740,425,1006,2,7,1993,213000,94,1,20,1,5,2,4,8
5,864,864,338,864,1,5,1972,133500,73,1,5,1,2,3,4,8
6,2358,907,360,1307,3,10,1997,240000,13,1,4,1,0,3,4,8
6,1855,528,512,1094,2,7,1994,187000,77,1,24,1,7,3,4,8
6,848,848,420,848,1,3,2003,131500,104,1,5,1,2,2,4,8
8,1456,1273,400,1456,2,7,2003,215000,104,1,0,1,2,2,4,8
7,1646,918,240,918,2,7,1950,164000,44,1,6,1,4,3,4,8
6,1445,1127,645,1445,1,7,1964,158000,65,1,12,1,7,3,4,8
5,1779,1763,454,1779,1,6,1974,170000,56,1,19,1,2,3,0,8
5,1040,1040,260,1040,1,6,2010,127000,63,1,19,1,2,3,4,8
6,1026,940,576,1026,1,5,1978,147000,79,1,5,1,7,3,4,8
6,1481,702,343,702,2,6,1995,174000,95,1,8,1,5,3,4,8
7,1370,1090,479,1370,2,6,1976,152000,77,1,14,1,2,3,3,8
6,2654,1054,619,1512,2,9,1984,250000,69,1,14,1,5,2,4,8
7,1426,912,216,912,1,7,1998,189950,22,1,6,1,0,2,4,8
5,1039,1039,504,1039,1,6,1965,131500,66,1,19,1,2,3,4,8
6,1097,1040,480,1097,2,6,1985,152000,85,1,20,1,2,3,4,8
5,1148,1148,672,1148,1,6,1959,132500,60,1,12,1,2,3,4,8
7,1372,1372,529,1372,2,6,2008,250580,108,1,21,1,2,2,5,6
5,1002,1002,902,1002,1,5,1970,148500,71,1,12,1,2,3,4,8
8,1646,1638,870,1646,2,6,2007,248900,107,1,23,1,2,2,5,6
4,1120,1040,544,1120,1,5,1961,129000,62,1,19,1,2,1,4,8
5,2320,0,672,1547,2,7,1950,169000,49,1,8,1,5,3,4,8
7,1949,1050,574,1062,2,8,1994,236000,94,1,20,1,5,2,4,8
5,894,894,308,894,1,5,1962,109500,63,0,12,1,2,3,4,8
6,1682,804,523,804,2,7,1998,200500,99,1,5,1,5,2,4,8
5,910,105,414,910,1,5,1996,116000,54,1,12,1,2,2,4,8
5,1268,832,288,1036,1,6,1950,133000,50,1,12,1,2,3,4,8
5,1131,676,200,676,1,5,1950,66500,44,1,17,1,0,3,0,8
8,2610,1184,550,1184,2,11,2007,303477,108,1,21,1,5,0,5,6
4,1040,1064,648,1040,1,5,1963,132250,64,1,11,1,2,3,4,8
9,2224,1462,738,1462,2,10,2005,350000,105,1,16,1,5,0,4,8
5,1155,1109,576,1155,1,6,1995,148000,62,1,19,1,6,2,4,8
5,864,864,336,864,1,6,2005,136500,79,1,5,1,2,3,4,8
5,1090,1090,450,1090,1,5,2006,157000,106,1,7,1,2,3,4,8
7,1717,1156,400,1187,2,7,1991,187500,91,1,23,1,0,2,4,8
6,1593,808,389,808,2,7,1993,178000,93,1,8,1,5,3,4,8
4,2230,795,440,954,1,10,1950,118500,16,0,18,1,3,3,4,8
5,892,892,288,892,1,5,1967,100000,68,1,12,1,2,3,4,8
9,1709,1698,506,1709,2,5,2000,328900,100,1,21,1,2,2,0,1
5,1712,1626,588,1712,2,8,2005,145000,60,1,12,1,2,3,3,8
5,1393,816,300,872,1,8,1955,135500,56,1,7,1,0,3,4,8
8,2217,2217,621,2217,2,8,1970,268000,71,1,12,5,2,2,4,8
6,1505,1505,505,1505,1,6,1953,149500,54,1,12,1,2,3,4,8
5,924,672,576,672,1,6,2006,122900,50,1,12,1,0,3,4,8
6,1683,918,440,918,2,7,1978,172500,79,1,19,1,5,3,4,8
6,1068,1059,264,1068,1,6,2003,154500,64,1,19,1,2,3,4,8
5,1383,1383,354,1383,1,6,1954,165000,55,1,19,1,2,3,4,8
5,1535,0,400,1535,2,8,1979,118858,80,1,20,1,2,3,2,8
6,1796,780,483,983,1,8,1963,140000,64,1,12,1,5,3,4,8
4,951,951,327,951,1,6,1950,106500,39,0,9,1,2,3,0,8
5,2240,0,528,1120,2,12,1979,142953,80,1,20,1,5,3,2,8
9,2364,2330,820,2364,2,11,2010,611657,110,1,16,1,2,0,5,6
5,1236,912,288,1236,1,6,1994,135000,62,1,19,1,2,3,4,8
4,858,858,684,858,1,4,1971,110000,72,1,12,1,2,3,4,8
5,1306,992,756,1306,1,5,2000,153000,58,1,12,1,2,3,4,8
7,1509,783,393,807,2,8,2003,180000,104,1,8,1,5,2,4,8
7,1670,1670,690,1670,2,7,2006,240000,107,1,8,1,2,2,5,6
5,902,876,288,902,1,6,1967,125500,68,1,19,1,2,3,4,8
5,1063,1056,280,1063,1,6,1954,128000,55,1,12,1,2,3,4,8
8,1636,1623,865,1636,2,8,2006,255000,107,1,21,1,2,2,4,8
7,2057,1017,180,1020,1,6,1987,250000,39,1,6,1,0,2,4,8
5,902,864,484,902,1,5,1983,131000,84,1,11,1,2,3,4,8
6,1484,742,390,742,2,8,2005,174000,106,1,8,1,5,2,4,8
5,2274,1105,480,1105,2,12,1960,154300,61,1,12,1,5,3,4,8
5,1268,1268,252,1268,1,5,1989,143500,78,1,5,1,2,2,4,8
5,1015,768,450,1015,1,6,1950,88000,29,0,3,1,2,3,0,8
5,2002,1001,871,1001,2,8,1950,145000,50,0,6,1,5,3,4,8
6,1224,612,528,612,2,4,2009,173733,110,1,21,1,5,2,5,6
4,1092,546,286,546,1,6,1970,75000,71,1,10,1,5,3,4,8
2,480,480,308,480,0,4,1950,35311,50,0,9,1,2,3,0,8
4,1229,1134,284,1229,1,6,1956,135000,57,1,7,1,2,3,4,8
7,2127,1104,833,912,2,8,1991,238000,92,1,20,1,5,2,4,8
6,1414,1184,601,1414,1,6,2002,176500,59,1,12,1,2,3,4,8
6,1721,928,471,936,2,7,1994,201000,95,1,20,1,5,2,4,8
5,2200,1272,0,1272,2,9,2003,145900,9,1,7,1,0,3,4,8
6,1316,1316,397,1316,2,6,2006,169990,106,1,8,1,2,2,5,6
6,1617,1604,533,1617,2,5,1994,193000,94,1,20,1,2,2,4,8
6,1686,1686,612,1686,2,7,1980,207500,81,1,14,1,2,3,4,8
5,1126,1126,540,1126,2,6,1977,175000,78,1,14,1,2,0,0,8
8,2374,1181,656,1234,2,10,2004,285000,104,1,16,1,5,0,4,8
7,1978,832,486,1098,2,9,1968,176000,69,1,14,1,5,3,4,8
8,1788,1753,522,1788,2,7,2001,236500,102,1,5,1,2,0,4,8
7,2236,964,642,993,2,8,1997,222000,98,1,8,1,5,2,4,8
8,1466,1466,610,1466,2,7,2007,201000,108,1,23,1,2,2,4,8
5,925,925,429,925,1,5,1965,117500,66,1,12,1,2,3,4,8
9,1905,1905,788,1905,2,8,2006,320000,107,1,21,1,2,0,4,8
7,1500,1500,570,1500,2,6,2004,190000,105,1,5,1,2,2,4,8
7,2069,585,505,2069,2,9,2007,242000,61,1,12,5,2,2,4,8
4,747,600,528,747,1,5,1953,79900,30,1,3,1,2,3,4,8
7,1200,1176,555,1200,2,5,2003,184900,104,1,20,1,2,2,4,8
7,1971,1113,689,1113,2,8,2005,253000,106,1,21,1,5,2,4,8
7,1962,1391,868,1391,2,7,2006,239799,107,1,5,1,5,2,5,6
7,2403,1032,349,1207,2,10,1950,244400,43,1,4,1,5,3,4,0
6,1728,1728,574,1728,2,8,1976,150900,77,1,11,1,2,3,4,8
7,2060,992,390,1022,2,8,1999,214000,100,1,8,1,5,2,4,8
4,1440,1440,0,1440,2,8,1977,150000,78,1,7,1,2,3,0,7
5,1632,1632,576,1632,2,8,1967,143000,68,1,11,1,2,3,4,8
6,1344,819,525,1344,1,7,1958,137500,59,1,23,1,7,2,0,0
5,1869,1088,456,1188,1,7,1996,124900,5,1,17,1,0,3,4,8
5,1144,1144,796,1144,1,6,1959,143000,60,1,12,1,7,3,4,8
8,1629,1616,808,1629,2,9,2003,270000,103,1,23,1,2,2,4,8
7,1776,936,474,936,2,7,2002,192500,103,1,5,1,5,2,4,8
6,1381,1161,676,1381,1,5,2006,197500,73,1,14,1,2,2,4,8
5,864,864,720,864,1,5,2002,129000,51,1,12,1,2,2,4,8
5,965,828,300,965,1,6,1965,119900,66,1,20,1,2,3,0,8
5,768,768,396,768,1,5,2003,133900,73,1,5,1,6,3,4,8
5,1968,784,530,1168,2,7,1969,172000,70,1,11,1,5,3,4,8
6,980,945,0,980,2,4,1975,127500,76,1,7,5,6,3,1,8
6,1958,979,492,979,2,8,1950,145000,47,0,6,1,5,3,4,8
6,1229,561,462,561,1,5,1980,124000,81,1,1,1,5,3,4,8
5,1057,1057,576,1057,1,6,1962,132000,63,1,19,1,2,3,4,8
7,1337,1337,531,1337,2,6,2003,185000,104,1,5,1,2,2,4,8
7,1416,696,484,696,2,6,1999,155000,100,1,21,1,5,2,4,8
5,858,858,0,858,1,4,2008,116500,59,1,3,1,2,3,4,8
6,2872,1330,619,1542,2,11,1995,272000,78,1,14,1,5,3,4,8
6,1548,804,440,804,2,7,1976,155000,77,1,13,1,5,2,4,8
9,1800,1800,702,1800,2,7,2007,239000,108,1,5,1,2,0,4,8
7,1894,817,510,824,2,8,2003,214900,103,1,23,1,5,2,4,8
6,1484,783,393,783,2,8,2007,178900,106,1,8,1,5,2,5,6
5,1308,728,256,976,1,7,1950,160000,43,1,6,1,0,3,4,8
5,1098,1098,260,1098,1,6,1955,135000,56,1,12,1,2,3,4,8
3,968,600,0,600,1,6,1950,37900,14,0,17,1,0,3,0,8
6,1095,588,264,1095,1,6,1958,140000,59,1,12,1,7,3,4,3
4,1192,720,0,720,1,6,1950,135000,50,0,12,1,0,3,0,8
7,1626,764,474,764,2,6,2004,173000,104,1,16,1,5,2,4,8
6,918,918,264,918,2,5,1979,99500,80,1,20,1,2,3,4,8
7,1428,1428,480,1428,2,6,2008,182000,108,1,21,1,2,2,5,6
7,2019,728,532,1136,1,8,1993,167500,14,0,3,1,5,2,4,8
7,1382,673,490,673,2,6,2000,165000,101,1,21,1,5,2,4,8
4,869,440,0,869,1,4,1958,85500,27,1,3,1,2,1,4,8
7,1241,1241,569,1241,1,4,2007,199900,107,1,21,1,2,2,5,6
4,894,894,400,894,1,5,1954,110000,55,1,7,1,2,3,0,8
5,1121,1121,480,1121,1,5,1963,139000,64,1,19,1,2,3,4,8
7,999,944,588,999,1,6,2007,178400,62,1,12,1,6,0,4,8
8,2612,1225,676,1276,2,8,1999,336000,99,1,15,1,5,2,4,8
7,1266,1266,388,1266,2,6,2007,159895,108,1,0,1,2,2,4,8
8,2290,1128,779,1149,2,9,2002,255900,103,1,5,1,5,2,4,8
5,1734,0,539,1302,2,8,1977,126000,78,1,11,1,0,2,4,0
5,1164,1164,240,1164,1,5,1950,125000,51,0,7,1,2,3,4,3
6,1635,485,255,1001,1,5,2003,117000,14,1,17,1,0,2,4,8
9,1940,1930,606,1940,2,8,2010,395192,110,1,16,1,2,0,5,6
6,2030,848,551,1118,2,8,1976,195000,77,1,14,1,5,2,4,8
7,1576,770,614,778,2,6,2006,197000,107,1,21,1,5,2,5,6
8,2392,1396,870,1407,2,7,1998,348000,98,1,15,1,5,2,4,8
8,1742,916,424,916,1,8,1986,168000,3,1,17,1,5,2,4,8
6,1851,822,440,1020,2,7,1993,187000,65,1,12,1,5,2,4,8
6,1500,750,564,750,2,6,2006,173900,106,1,5,1,5,2,5,6
10,1718,1700,786,1718,2,7,2007,337500,107,1,16,1,2,0,4,8
4,1230,747,305,774,1,5,1950,121600,47,1,3,1,0,3,0,8
5,1050,1050,368,1050,1,6,1961,136500,62,1,12,1,2,3,4,0
6,1442,1442,615,1442,2,6,1970,185000,71,1,14,1,2,3,4,8
3,1077,1007,210,1077,1,6,1950,91000,26,0,9,1,2,3,4,8
7,1208,1187,632,1208,2,6,2006,206000,107,1,5,1,2,2,4,8
3,944,0,528,944,1,4,1952,82000,53,0,7,5,2,1,4,8
5,691,691,216,691,1,4,1950,86000,24,1,17,1,2,0,0,8
8,1574,1574,824,1574,2,7,2006,232000,107,1,21,1,2,2,4,8
5,1680,1680,528,1680,2,8,1976,136905,77,1,14,1,2,3,4,8
7,1504,1346,457,1504,2,7,2006,181000,106,1,0,1,2,2,4,8
5,985,985,328,985,2,6,1977,149900,78,1,5,1,7,3,4,8
6,1657,1657,484,1657,2,7,1970,163500,71,1,12,1,2,3,4,8
4,1092,546,286,546,1,6,1970,88000,71,1,10,1,5,3,4,8
7,1710,1710,550,1710,2,7,2005,240000,105,1,11,1,2,2,4,8
5,1522,1008,0,1008,2,7,1950,102000,30,1,18,1,0,3,4,8
5,1271,720,312,720,2,7,1950,135000,49,1,19,1,0,3,4,8
5,1664,0,0,1664,2,8,1965,100000,66,0,7,1,2,3,4,8
6,1502,602,180,900,1,7,1996,165000,27,1,6,1,5,2,4,8
5,1022,1022,280,1022,1,4,2006,85000,14,0,17,1,2,3,4,8
6,1082,1082,240,1082,1,5,1950,119200,49,1,12,1,2,3,4,8
8,1665,810,528,810,2,6,2001,227000,102,1,14,1,5,2,4,8
7,1504,1504,478,1504,2,6,1996,203000,97,1,5,1,2,2,4,8
8,1360,1220,565,1360,1,4,1984,187500,85,1,22,1,2,2,0,0
7,1472,384,402,802,2,7,1992,160000,92,1,8,1,7,2,4,8
7,1506,1362,440,1506,2,6,2005,213490,106,1,0,1,2,2,4,8
4,1132,1132,451,1132,1,5,2005,176000,106,1,7,1,2,2,4,8
7,1220,1199,632,1220,2,6,2006,194000,107,1,5,1,2,2,5,6
5,1248,912,160,912,1,6,1950,87000,34,1,17,1,0,3,4,8
7,1504,1346,437,1504,2,7,2006,191000,106,1,0,1,2,2,4,8
8,2898,1565,665,2898,2,10,1976,287000,77,1,23,6,2,2,0,0
5,882,882,461,882,1,5,1972,112500,73,1,5,1,2,3,4,8
5,1264,1268,461,1264,1,6,1960,167500,61,1,12,1,2,3,4,8
8,1646,1638,800,1646,2,7,2008,293077,108,1,23,1,2,2,5,6
5,1376,768,240,968,1,6,1950,105000,44,1,12,1,0,3,4,8
6,1218,672,264,672,1,7,1972,118000,73,1,2,1,5,3,4,8
5,1928,686,0,948,2,10,1995,160000,20,1,18,1,5,3,4,8
7,3082,824,672,1687,2,12,1970,197000,24,1,18,1,3,3,4,8
8,2520,1338,796,1352,2,10,1993,310000,94,1,15,1,5,2,0,8
7,1654,1654,900,1654,2,6,2002,230000,103,1,5,1,2,2,4,8
5,954,920,240,954,1,5,1950,119750,41,1,6,1,2,1,4,8
4,845,0,290,845,1,5,1957,84000,58,0,7,1,2,3,4,8
9,1620,1620,912,1620,2,6,2008,315500,108,1,23,1,2,0,4,8
8,2263,1055,905,1055,2,7,2002,287000,102,1,5,1,5,2,4,8
4,1344,546,0,798,1,6,2008,97000,71,1,10,1,5,3,4,8
4,630,630,286,630,1,3,1970,80000,71,1,10,1,6,3,4,8
5,1803,1134,484,1803,2,8,2000,155000,58,1,19,1,2,3,4,8
6,1632,800,484,800,1,7,2000,173000,67,1,14,1,5,2,4,8
6,1306,1306,624,1306,2,5,2005,196000,106,1,16,1,2,2,4,8
7,2329,1475,514,1532,2,10,1990,262280,91,1,20,1,5,2,4,8
8,2524,2524,542,2524,2,9,1981,278000,82,1,14,7,2,2,4,8
3,1733,0,452,1733,2,8,1955,139600,56,1,7,1,2,3,4,8
9,2868,1992,716,1992,3,11,2006,556581,106,1,22,1,5,0,5,6
5,990,990,672,990,1,5,1995,145000,95,1,5,1,2,3,4,8
5,1771,0,336,1771,1,9,2006,115000,61,1,11,1,2,3,4,8
4,930,0,308,930,1,6,2006,84900,47,1,7,1,2,2,0,8
7,1302,1302,436,1302,2,6,2007,176485,108,1,8,1,2,2,5,6
7,1316,1316,440,1316,2,6,2007,200141,108,1,5,1,2,2,5,6
6,1977,816,540,1127,1,9,1978,165000,65,1,12,1,5,3,4,8
5,1526,1216,364,1526,1,7,2002,144500,58,1,7,1,2,3,4,8
8,1989,1065,586,1091,2,7,2002,255000,103,1,5,1,5,2,4,8
6,1523,1193,478,1523,2,7,1976,180000,77,1,14,1,2,3,0,0
7,1364,1364,484,1364,2,6,2005,185850,106,1,16,1,2,2,4,8
7,1850,973,467,979,2,7,1994,248000,95,1,15,1,5,2,4,8
9,2184,1104,836,1130,2,10,2008,335000,109,1,16,1,5,0,4,8
6,1991,854,432,1096,1,7,1950,220000,36,1,6,1,0,3,4,8
8,1338,1338,582,1338,2,6,2001,213500,102,1,22,1,2,2,4,8
3,894,894,1248,894,1,6,1950,81000,38,1,9,1,2,3,4,3
5,2337,662,560,1422,2,10,1950,90000,9,0,17,1,5,3,4,8
6,1103,1103,440,1103,1,5,1980,110500,29,1,17,1,2,2,4,8
5,1154,1154,480,1154,1,6,1966,154000,67,1,12,1,2,3,4,8
7,2260,1306,533,1306,2,7,1997,328000,97,1,4,1,5,2,4,8
6,1571,799,380,799,2,7,1994,178000,94,1,8,1,5,3,4,8
6,1611,780,442,798,1,7,1964,167900,65,1,12,1,5,3,4,8
6,2521,942,576,1291,2,10,1973,151400,74,1,10,1,5,3,4,8
5,893,845,576,893,1,4,2003,135000,50,1,12,1,1,2,4,8
5,1048,1048,286,1048,1,6,1956,135000,57,1,12,1,2,3,4,8
6,1556,727,441,829,1,8,1968,154000,69,1,14,1,5,3,4,8
5,1456,810,280,1002,1,7,1950,91500,49,1,7,1,0,3,4,8
6,1426,690,440,698,1,6,1977,159500,78,1,7,1,5,3,4,8
7,1240,1240,826,1240,2,5,2006,194000,107,1,5,1,2,2,4,8
7,1740,800,240,960,1,6,1984,219500,43,1,6,1,5,3,4,1
5,1466,796,566,1096,2,7,1989,170000,39,1,17,1,0,2,4,8
5,1096,1096,299,1096,1,6,1969,138800,70,1,12,1,2,3,0,8
6,848,848,420,848,1,3,2004,155900,105,1,5,1,2,2,4,8
5,990,990,299,990,1,5,1994,126000,95,1,5,1,2,3,4,8
6,1258,1258,528,1258,2,5,2004,145000,72,1,14,1,2,2,0,0
5,1040,1040,308,1040,1,5,1963,133000,64,1,19,1,2,3,4,8
7,1459,1459,527,1459,2,6,2002,192000,103,1,5,1,2,2,4,8
6,1251,1251,461,1251,1,6,1964,160000,65,1,12,1,2,3,4,8
6,1498,691,409,691,2,6,1996,187500,96,1,8,1,5,3,4,8
6,996,936,564,996,1,5,1992,147000,93,1,20,1,6,2,4,8
4,1092,546,286,546,1,6,1973,83500,74,1,10,1,5,3,4,8
8,1953,1082,1043,1082,2,9,2006,252000,106,1,21,1,5,2,4,8
7,1709,970,380,970,2,7,2004,137500,105,1,7,1,5,2,4,8
8,1247,1247,550,1247,1,4,2005,197000,106,1,21,1,2,2,4,8
3,1040,0,400,1040,2,6,1950,92900,51,0,12,1,2,3,4,8
7,1252,600,462,624,2,4,2000,160000,100,1,21,1,5,2,4,8
6,1694,1181,576,1390,2,7,1950,136500,29,1,18,1,0,3,4,8
5,1200,864,884,1200,1,6,1998,146000,66,1,12,1,2,2,4,8
5,936,936,308,936,1,4,2000,129000,57,1,12,1,2,3,4,8
6,1314,1314,440,1314,2,6,2006,176432,107,1,5,1,2,2,4,8
6,1355,684,0,773,1,7,2006,127000,18,1,9,1,5,2,4,8
8,1088,1074,461,1088,1,5,1986,170000,87,1,22,1,2,2,4,8
4,1324,672,240,757,1,6,1950,128000,39,1,3,1,0,3,4,8
7,1601,1271,478,1601,2,7,1978,157000,79,1,14,1,2,3,0,0
2,438,290,246,438,1,3,1950,60000,24,0,18,1,2,1,4,8
5,950,950,280,950,1,5,1971,119500,72,1,12,1,2,3,4,8
5,1134,1010,254,1134,1,6,2002,135000,61,1,12,1,2,3,3,8
6,1194,655,539,1194,1,6,1959,159500,60,1,12,1,2,3,4,8
5,1302,630,440,630,2,6,1970,106000,71,1,2,1,5,3,4,8
8,2622,1463,712,1500,2,9,1995,325000,95,1,15,1,5,2,4,8
7,1442,910,719,1442,2,6,1991,179900,91,1,20,1,2,2,4,8
7,2021,868,422,887,2,9,2006,274725,107,1,8,1,5,2,5,6
6,1690,924,463,948,2,7,2000,181000,101,1,8,1,5,3,0,8
8,1836,1836,862,1836,2,7,2005,280000,105,1,16,1,2,2,4,8
6,1658,773,431,773,2,8,1996,188000,96,1,8,1,5,3,4,8
7,1964,803,483,1098,2,8,1976,205000,77,1,14,1,5,3,4,8
5,816,816,308,816,1,5,1957,129900,58,1,12,1,2,3,4,8
5,1008,1008,240,1008,1,6,2006,134500,54,1,12,1,2,2,4,8
5,833,833,326,833,1,4,2000,117000,55,1,17,1,2,2,4,8
8,1734,1734,928,1734,2,7,2007,318000,108,1,16,1,2,0,5,6
8,1419,408,527,779,2,7,2002,184100,103,1,8,1,7,2,4,8
5,894,894,450,894,1,5,2003,130000,68,1,19,1,2,2,4,8
5,1601,533,300,1021,1,6,1987,140000,59,1,19,1,7,3,4,8
5,1040,1040,286,1040,1,6,1959,133700,60,1,12,1,2,3,4,8
6,1012,1012,308,1012,1,6,1950,118400,24,1,9,1,2,3,4,8
7,1552,1552,782,1552,2,7,2006,212900,106,1,5,1,2,2,5,6
4,960,672,288,960,1,5,1956,112000,57,1,7,1,2,3,0,0
5,698,698,0,698,1,4,2008,118000,48,1,7,1,2,3,4,8
7,1482,384,392,812,2,7,1992,163900,93,1,8,1,7,2,4,8
4,1005,1005,672,1005,1,5,1955,115000,56,1,12,1,2,1,4,8
7,1555,1373,660,1555,2,7,2007,174000,108,1,0,1,2,2,4,8
7,1530,1530,630,1530,2,7,2004,259000,105,1,8,1,2,2,3,8
7,1959,847,434,847,2,8,2005,215000,105,1,8,1,5,2,4,8
5,936,936,672,936,1,4,1980,140000,81,1,17,1,6,3,4,8
4,1981,1122,576,1328,2,7,1950,135000,32,1,18,1,0,2,4,8
5,974,974,0,974,1,5,1992,93500,92,1,11,1,2,3,0,7
6,2210,1008,205,1178,2,8,1950,117500,2,1,17,1,5,1,4,8
8,2020,1128,466,1142,2,8,1995,239500,96,1,20,1,5,2,4,8
6,1600,916,460,916,2,7,1997,169000,98,1,8,1,5,3,4,8
6,986,960,180,986,1,5,1950,102000,30,0,3,1,2,3,4,8
6,1252,1032,288,1032,1,6,1950,119000,51,1,12,1,0,3,0,8
5,1020,780,0,780,1,6,1996,94000,1,0,19,1,0,3,4,8
6,1567,1567,714,1567,2,5,1977,196000,78,1,11,1,2,2,4,8
5,1167,915,495,1167,1,6,1950,144000,24,1,3,1,2,3,4,8
5,952,952,840,952,1,4,1951,139000,52,1,12,1,2,3,0,0
5,1868,780,484,1088,2,9,1976,197500,77,1,14,1,5,2,4,8
8,2828,1466,1052,1466,3,11,2007,424870,107,1,5,1,5,2,5,6
5,1006,1006,0,1006,1,5,1959,80000,60,1,19,1,2,3,4,8
4,924,672,280,672,1,5,1950,80000,44,0,7,1,0,1,4,8
5,1576,1042,225,1042,1,8,1950,149000,32,1,3,1,0,3,3,8
6,1298,1298,403,1298,2,5,1985,180000,86,1,20,1,2,2,4,8
7,1564,704,234,860,1,7,1950,174500,44,1,6,1,5,1,4,8
7,1111,572,288,572,1,5,1950,116900,30,1,17,1,0,3,4,8
7,1482,650,324,832,1,7,1988,143000,24,1,17,1,5,3,4,8
6,932,932,306,932,1,4,1950,124000,51,1,12,1,2,2,4,8
5,1466,1466,528,1466,1,6,1959,149900,60,1,7,1,2,1,4,8
6,1811,1073,470,1811,1,6,2004,230000,57,1,6,1,2,0,0,8
6,816,816,432,816,1,5,2007,120500,34,1,9,1,2,3,4,8
7,1820,864,492,902,1,8,1988,201800,66,1,12,1,5,2,4,8
5,1437,1437,528,1437,2,6,2004,218000,77,1,24,1,2,2,4,8
5,1265,1219,502,1265,2,6,1999,179900,66,1,12,1,7,2,4,8
7,1314,1314,626,1314,2,6,2008,230000,108,1,16,1,2,2,4,8
8,1580,1580,830,1580,2,7,2008,235128,108,1,21,1,2,2,5,3
6,1876,901,540,943,2,8,1974,185000,75,1,14,1,5,2,4,8
6,1456,855,440,855,2,7,1978,146000,79,1,13,1,5,3,4,8
6,1640,1296,924,1640,1,7,2006,224000,55,1,6,1,2,2,4,8
5,894,894,450,894,1,5,1968,129000,69,1,19,1,2,3,4,8
4,1258,1198,400,1258,0,6,1969,108959,70,1,19,1,6,3,2,8
5,1432,1360,588,1432,1,5,1978,194000,79,1,24,1,7,2,4,8
7,1502,1502,644,1502,2,7,2009,233170,110,1,16,1,2,2,5,6
8,1694,1694,776,1694,2,7,2008,245350,109,1,5,1,2,2,4,8
6,1671,959,472,959,2,7,2000,173000,101,1,8,1,5,3,4,8
6,2108,1127,540,1236,2,7,1986,235000,38,1,7,1,5,2,4,8
10,3627,1930,807,1831,3,10,1996,625000,96,1,15,1,5,2,4,8
6,1118,1096,358,1118,1,6,1977,171000,78,1,11,1,7,3,4,8
6,1261,1261,433,1261,1,6,1958,163000,59,1,12,1,2,3,4,8
7,1250,625,625,625,2,5,2007,171900,107,1,21,1,5,2,4,8
5,3086,1598,0,1636,3,12,1994,200500,47,1,4,1,0,0,4,8
6,2345,952,360,1170,2,9,1950,239000,36,1,6,1,5,3,4,8
8,2872,1683,541,2129,2,9,2000,285000,93,1,15,1,0,2,4,8
5,923,876,264,923,1,5,1985,119500,85,1,11,1,2,3,4,8
6,1224,818,210,818,1,5,2004,115000,30,1,17,1,0,3,4,8
5,1343,731,186,820,1,7,1950,154900,25,1,6,1,0,3,4,8
5,1124,0,0,1124,1,5,1954,93000,55,1,7,1,2,3,4,8
7,2514,1216,693,1298,2,8,1991,250000,91,1,23,1,5,3,4,8
8,1652,1600,482,1652,2,5,2008,392500,109,1,6,1,2,2,5,6
10,4476,2396,813,2411,3,10,1996,745000,97,1,15,1,5,0,0,8
5,1130,1120,720,1130,1,5,1950,120000,24,1,17,1,2,3,4,8
5,1572,1572,995,1572,1,5,1963,186700,64,1,23,1,2,3,4,8
5,1221,784,392,949,1,7,1950,104900,28,1,7,1,0,3,4,8
3,1699,978,420,1014,2,7,1970,95000,9,1,17,1,5,3,0,8
8,1624,1624,757,1624,2,5,1995,262000,95,1,15,1,2,2,4,8
7,1660,831,493,831,2,7,2002,195000,103,1,5,1,5,2,4,8
7,1804,994,442,1028,2,7,1999,189000,100,1,8,1,5,2,4,8
4,1622,1249,1356,1622,1,7,1975,168000,62,1,11,1,2,3,4,8
8,1441,776,492,764,2,5,2000,174000,100,1,21,1,5,2,4,8
5,1472,702,250,842,1,6,1994,125000,29,1,17,1,0,2,4,8
6,1224,1224,402,1224,2,5,1999,165000,100,1,11,1,2,3,4,8
6,1352,663,299,663,1,7,1969,158000,70,1,19,1,5,3,4,8
6,1456,728,400,728,2,8,2005,176000,106,1,8,1,5,2,4,8
7,1863,879,660,879,2,9,2006,219210,107,1,8,1,5,2,5,6
7,1690,815,225,815,1,7,1950,144000,20,1,17,1,4,3,4,5
7,1212,1212,573,1212,2,6,2001,178000,102,1,5,1,2,2,4,8
4,1382,1051,459,1382,1,6,1979,148000,64,1,19,1,2,3,4,8
4,864,864,280,864,1,5,1970,116050,71,1,12,1,2,3,0,7
7,1779,866,546,866,2,6,1998,197900,99,1,5,1,5,2,4,8
5,1348,884,216,884,1,5,1997,117000,29,1,3,1,0,3,4,8
7,1630,1630,451,1630,2,6,2001,213000,101,1,5,1,2,2,4,8
5,1074,1056,495,1074,1,6,1975,153500,76,1,14,1,2,3,4,8
7,2196,2158,701,2196,2,7,1991,271900,91,1,20,1,2,2,4,8
4,1056,1056,384,1056,1,5,1966,107000,67,1,20,1,2,3,4,8
6,1700,1682,544,1700,2,7,2003,200000,104,1,5,1,2,2,4,8
5,1283,931,506,1283,1,6,1980,140000,63,1,12,1,2,3,4,8
8,1660,1660,500,1660,2,8,2006,290000,107,1,21,1,2,2,5,6
6,1845,1055,462,1055,2,8,1992,189000,93,1,20,1,5,2,4,8
8,1752,559,492,1080,2,8,2005,164000,89,1,8,1,0,3,4,8
4,672,672,234,672,1,4,1950,113000,44,1,7,1,2,3,4,8
4,960,648,364,960,0,3,2001,145000,66,1,19,1,7,3,4,8
5,999,925,300,999,1,6,1962,134500,63,1,12,1,6,3,4,8
5,894,894,384,894,1,5,1966,125000,67,1,19,1,2,3,4,8
6,1902,0,539,1318,2,8,1978,112000,79,1,19,1,0,3,4,8
8,1314,1300,552,1314,2,6,2009,229456,110,1,21,1,2,2,5,6
4,912,0,0,672,1,3,1950,80500,48,0,3,1,0,3,4,8
6,1218,672,0,672,1,7,1971,91500,72,1,2,1,5,3,0,8
5,912,912,288,912,1,5,1964,115000,65,1,12,1,2,3,0,8
5,1211,952,322,1211,1,5,1968,134000,69,1,19,1,2,3,4,8
6,1846,1040,315,1168,2,7,1950,143000,50,1,12,1,0,3,4,8
5,2136,2136,528,2136,2,7,1951,137900,52,0,12,1,2,3,4,8
7,1490,788,388,788,2,8,2005,184000,105,1,8,1,5,2,4,8
6,1138,588,264,1138,1,6,1958,145000,59,1,12,1,7,3,4,8
6,1933,894,668,894,2,9,2007,214000,108,1,21,1,5,2,4,8
5,912,912,576,912,1,5,2008,147000,66,1,12,1,2,2,4,8
9,1702,1702,1052,1702,1,7,2008,367294,109,1,16,1,2,0,5,6
5,1507,1075,404,1507,2,7,1960,127000,61,1,12,1,7,3,4,8
5,2620,1361,600,1361,2,12,1977,190000,78,1,19,1,0,3,4,8
5,1190,1106,540,1190,1,6,1962,132500,63,1,12,1,7,3,4,8
4,1224,0,462,1224,2,6,1962,101800,63,1,12,1,2,3,4,8
5,1188,1188,531,1188,1,6,1959,142000,60,1,12,1,2,3,0,0
5,1964,940,0,1024,1,7,1950,130000,15,0,18,1,5,3,0,8
5,1784,747,180,892,1,9,1950,138887,18,1,6,1,5,3,4,8
7,1626,764,474,764,2,6,2003,175500,104,1,16,1,5,2,4,8
7,1948,847,434,847,2,8,2005,195000,105,1,5,1,5,2,4,8
6,1141,1141,484,1141,1,6,2005,142500,106,1,20,1,2,3,0,8
8,1484,1476,472,1484,2,6,2006,265900,107,1,23,1,2,0,4,8
7,1768,884,543,884,2,8,2003,224900,104,1,5,1,5,2,4,8
7,1689,1689,954,1689,2,7,2007,248328,108,1,21,1,2,2,5,6
7,1173,1053,528,1173,2,6,1974,170000,75,1,14,1,6,2,3,8
10,2076,2076,850,2076,2,7,2006,465000,107,1,16,1,2,0,5,6
8,1517,792,400,792,1,7,1950,230000,33,1,6,1,5,2,4,8
6,1868,585,477,1140,3,7,2003,178000,85,1,14,1,7,3,0,8
7,1553,756,615,756,2,6,2006,186500,106,1,21,1,5,2,5,6
6,1034,1012,888,1034,1,6,1976,169900,77,1,11,1,7,3,4,8
6,2058,735,396,1134,1,8,1950,129500,21,0,17,1,4,3,4,8
5,988,876,276,988,1,6,1950,119000,51,1,12,1,2,3,4,8
7,2110,2110,522,2110,2,8,1968,244000,69,1,12,1,2,0,4,8
7,1405,1405,478,1405,2,6,2003,171750,104,1,16,1,2,2,4,8
5,874,864,288,874,1,5,1968,130000,69,1,11,1,2,3,4,8
7,2167,1192,518,1516,2,9,2003,294000,75,1,24,1,5,2,4,8
7,1656,746,397,760,2,7,2004,165400,104,1,7,1,5,2,4,8
6,1367,884,560,959,1,6,1950,127500,35,1,3,1,0,3,4,8
8,1987,1986,691,1987,2,7,1994,301500,95,1,15,1,2,2,4,8
5,864,864,0,864,1,4,1950,99900,26,1,7,1,2,3,4,8
7,1166,856,400,1166,2,5,2005,190000,106,1,8,1,7,2,4,8
6,1054,1054,460,1054,1,6,1969,151000,70,1,12,1,2,3,4,8
6,1675,841,502,892,2,7,1999,181000,100,1,8,1,5,3,4,8
5,1050,1050,338,1050,1,5,1956,128900,57,1,12,1,2,3,4,8
4,1788,1104,304,1104,1,8,1989,161500,58,1,4,1,0,3,4,8
6,1824,764,520,1060,1,8,1950,180500,23,1,3,1,5,3,4,8
6,1337,1405,511,1337,2,5,1999,181000,99,1,12,1,2,2,0,0
7,1452,691,506,713,2,6,1999,183900,100,1,21,1,5,2,4,8
7,1889,925,308,964,1,9,1950,122000,14,0,17,1,4,3,4,8
9,2018,2002,746,2018,2,10,2009,378500,109,1,23,1,2,0,4,8
8,3447,728,1014,1968,3,11,1997,381000,38,1,6,1,0,2,4,8
5,1524,874,315,874,1,7,1958,144000,59,1,12,1,0,3,4,8
7,1524,1332,586,1332,0,4,1979,260000,80,1,4,6,2,2,4,8
6,1489,1489,462,1489,2,7,1968,185750,69,1,14,1,2,2,4,8
5,935,935,288,935,1,5,1965,137000,66,1,19,1,2,3,4,8
6,1357,1019,312,1357,1,5,2006,177000,60,1,7,1,7,0,4,8
5,1250,661,552,661,2,8,2003,139000,14,1,6,1,0,3,4,8
5,1920,928,400,928,2,10,1950,137000,49,1,12,4,5,3,4,8
6,1395,723,497,735,1,6,1972,162000,73,1,14,1,5,3,4,8
6,1724,1680,480,1724,1,7,1976,197900,68,1,14,1,7,3,4,8
8,2031,1128,577,1128,2,7,2002,237000,103,1,5,1,5,2,4,8
4,1128,698,528,698,1,6,1950,68400,24,1,9,1,0,3,0,0
7,1573,1573,544,1573,2,6,2002,227000,103,1,5,1,2,2,4,8
7,1339,1309,484,1339,2,6,1990,180000,91,1,23,1,2,3,4,8
5,1040,1040,484,1040,2,5,2008,150500,78,1,5,1,2,2,4,8
6,1824,912,0,912,2,8,1971,139000,72,1,11,1,5,3,4,8
6,2447,804,336,1699,2,10,1990,169000,23,1,18,1,0,2,4,8
6,1412,780,280,825,1,6,1950,132500,42,1,3,1,0,3,4,8
6,1328,1328,528,1328,1,6,1963,143000,64,1,14,1,2,3,4,8
5,1582,1624,390,1582,2,7,1964,190000,65,1,4,1,2,3,4,8
8,1659,1501,499,1659,2,5,2000,278000,101,1,22,1,2,0,4,8
8,1970,1085,753,1120,2,8,2006,281000,107,1,16,1,5,0,5,6
5,1152,1152,484,1152,1,6,1964,180500,65,1,12,1,7,3,4,8
5,1302,630,264,630,2,6,1972,119500,73,1,2,1,5,3,4,8
5,2372,994,432,1378,2,11,1965,107500,6,0,17,1,5,3,4,8
7,1664,832,528,832,2,8,1976,162900,77,1,14,1,5,3,4,8
5,864,864,572,864,1,5,1990,115000,56,1,7,1,2,3,4,8
5,1052,1052,288,1052,1,5,1968,138500,69,1,12,1,2,3,4,8
5,1128,1120,525,1128,2,6,1963,155000,64,1,12,1,2,3,4,8
6,1072,547,525,1072,2,5,2006,140000,106,1,7,1,6,3,5,6
10,5642,6110,1418,4692,2,12,2008,160000,109,1,7,0,5,0,5,6
5,1246,1246,305,1246,1,6,1994,154000,60,1,12,1,2,2,4,8
7,1983,978,490,1005,2,9,1999,225000,100,1,8,1,5,2,4,8
6,1494,771,213,753,1,7,1950,177500,45,1,6,1,5,2,4,8
8,2526,1165,844,1203,2,8,1994,290000,95,1,15,1,5,2,4,8
7,1616,1616,834,1616,2,7,2005,232000,106,1,21,1,2,2,4,8
7,1708,976,380,976,2,7,2004,130000,105,1,7,1,5,2,4,8
9,1652,1652,840,1652,2,6,2007,325000,107,1,16,1,2,0,4,8
7,1368,1368,474,1368,2,6,2006,202500,106,1,16,1,2,2,5,6
5,990,990,480,990,1,5,1995,138000,95,1,5,1,2,3,4,8
5,1122,924,528,1122,1,6,2005,147000,49,1,17,1,2,2,4,8
6,1294,1278,496,1294,2,6,1991,179200,92,1,20,1,2,2,4,8
7,1902,1902,567,1902,2,7,2002,335000,60,1,6,1,2,0,4,8
7,1274,1274,508,1274,2,6,2007,203000,106,1,5,1,2,2,5,6
8,2810,1453,750,1453,2,9,1990,302000,91,1,15,1,5,2,4,8
9,2599,1393,779,1422,2,10,1999,333168,100,1,15,1,5,2,4,8
4,948,948,280,948,1,5,1954,119000,55,1,7,1,2,3,4,8
6,2112,952,576,1092,2,9,1969,206900,70,1,12,1,5,3,4,8
8,1630,1622,860,1630,2,8,2008,295493,109,1,5,1,2,0,4,8
7,1352,1352,466,1352,2,5,2007,208900,107,1,21,1,2,2,5,6
8,1787,1753,748,1787,2,7,2002,275000,102,1,5,1,2,2,4,8
4,948,864,248,948,1,5,1954,111000,55,1,7,1,2,3,4,8
6,1478,1478,442,1478,1,6,1957,156500,58,1,12,1,2,3,4,8
3,720,0,287,720,1,4,1950,72500,50,0,3,1,2,3,4,8
7,1923,750,564,1061,2,8,1992,190000,93,1,15,1,5,2,4,8
4,708,420,0,708,1,5,1950,82500,43,1,3,1,2,1,4,8
8,1795,1795,895,1795,2,7,2007,147000,107,1,21,1,2,2,5,6
4,796,796,0,796,1,5,1950,55000,26,0,9,1,2,3,4,8
3,774,544,0,774,1,6,2006,79000,35,1,7,1,2,2,4,8
5,816,816,264,816,1,5,2008,130500,83,1,11,1,2,2,4,8
6,2792,1510,520,1584,2,8,1950,256000,24,1,17,1,0,3,4,8
7,1632,935,462,955,2,8,1998,176500,99,1,8,1,5,3,4,8
8,1588,1588,825,1588,2,7,2006,227000,107,1,21,1,2,2,4,8
5,954,911,576,954,1,6,1976,132500,77,1,5,1,7,3,4,8
4,816,816,288,816,1,3,1958,100000,41,1,7,1,2,3,4,8
5,1360,803,297,803,1,6,1995,125500,41,1,9,1,0,2,4,8
5,1365,765,440,765,1,7,1970,125000,71,1,2,1,5,3,4,8
6,1334,1350,630,1334,2,6,1977,167900,78,1,14,1,2,3,4,8
5,1656,1656,506,1656,2,8,1973,135000,74,1,14,1,2,3,4,8
4,693,693,0,693,1,4,1950,52500,44,0,17,1,2,1,4,8
7,1861,916,492,920,2,8,2002,200000,103,1,5,1,5,2,4,8
5,864,864,288,864,1,5,1972,128500,73,1,5,1,2,3,4,8
4,872,858,480,872,1,5,1971,123000,72,1,12,1,2,3,4,8
6,1114,1114,576,1114,1,6,2004,155000,104,1,20,1,2,2,4,8
8,2169,1284,647,1284,2,7,2002,228500,103,1,5,1,5,2,4,8
6,1913,896,342,1172,1,9,1950,177000,32,1,6,1,0,3,4,8
7,1456,728,440,728,2,8,2006,155835,107,1,5,1,5,2,5,6
4,960,960,308,960,1,5,1950,108500,24,1,17,1,2,1,4,8
7,2156,1568,508,2156,2,9,2003,262500,69,1,14,1,2,3,4,8
8,1776,1732,712,1776,2,7,2007,283463,107,1,23,1,2,2,5,6
7,1494,1482,514,1494,2,5,1998,215000,99,1,20,1,2,2,4,8
8,2358,684,0,938,2,8,1987,122000,0,0,17,1,5,3,4,8
5,2634,1248,968,1338,2,12,1969,200000,70,1,12,1,5,3,4,8
6,1716,858,490,858,1,8,1962,171000,63,1,12,1,5,3,4,8
6,1176,698,624,786,1,4,2000,134900,40,1,3,1,0,3,4,8
8,3238,2033,666,2053,2,9,1996,410000,96,1,15,1,0,2,4,8
7,1865,992,839,992,2,7,2000,235000,101,1,5,1,5,2,4,8
7,1920,570,487,1222,3,8,1992,170000,69,1,14,1,7,2,4,8
5,892,864,264,892,1,5,1966,110000,67,1,12,1,2,3,4,8
5,1078,1078,500,1078,1,6,2008,149900,72,1,12,1,2,3,4,8
6,1573,756,440,769,2,5,2000,177500,101,1,21,1,5,2,4,8
9,1980,1980,770,1980,2,8,2005,315000,105,1,16,1,2,0,4,8
5,2601,612,621,990,3,8,1998,189000,25,1,18,1,5,3,4,8
7,1530,1530,430,1530,2,7,2005,260000,106,1,22,1,2,2,4,8
4,1738,715,368,1281,2,7,2007,104900,24,1,12,1,0,3,4,8
6,1412,616,432,616,2,6,2007,156932,107,1,8,1,5,2,5,6
7,1200,600,480,520,2,4,2005,144152,106,1,21,1,5,2,0,8
7,1674,814,663,814,2,7,2000,216000,101,1,21,1,5,2,4,8
7,1790,873,588,882,2,7,1999,193000,100,1,5,1,5,2,0,8
5,1475,757,336,925,2,6,1977,127000,78,1,10,1,5,3,4,8
6,848,848,420,848,1,4,2004,144000,104,1,5,1,2,2,4,8
8,1668,1657,502,1668,2,8,2003,232000,104,1,5,1,2,2,4,8
4,1374,840,338,840,1,6,1950,105000,24,1,17,1,0,3,4,8
6,1661,992,377,1661,1,8,1996,165500,56,1,12,1,7,2,4,8
7,2097,1108,583,1108,2,8,1998,274300,99,1,5,1,5,2,4,8
10,2633,2633,804,2633,2,8,2002,466500,102,1,15,1,2,0,4,8
7,1958,1026,936,1026,2,9,2005,250000,106,1,21,1,5,2,4,8
8,1571,1571,722,1571,2,7,2007,239000,108,1,23,1,2,2,5,6
6,790,768,160,790,1,4,1950,91000,34,0,18,1,2,3,4,8
5,1604,984,660,984,2,6,1960,117000,44,1,7,1,0,3,4,8
6,987,483,264,483,1,5,1973,83000,74,1,2,1,5,3,4,8
5,1394,384,400,754,2,7,2007,167500,107,1,23,1,7,2,4,8
3,864,864,200,864,1,5,1950,58500,18,0,7,1,2,3,4,8
6,2117,1205,550,2117,2,7,1970,237500,71,1,12,1,2,3,4,8
7,1762,596,576,998,1,8,1950,157000,24,1,17,1,5,2,4,8
5,1416,816,576,1416,2,7,2007,112000,22,1,19,1,2,2,4,8
6,1258,560,280,698,1,6,1950,105000,42,1,7,1,0,3,4,8
4,1154,796,240,796,1,7,2007,125500,26,1,9,1,0,2,4,8
7,2784,1392,564,1392,3,12,1978,250000,79,1,14,1,5,2,4,8
6,2526,714,216,1664,2,10,1950,136000,20,0,17,1,0,2,3,1
9,1746,1746,758,1746,2,7,2007,377500,107,1,8,1,2,0,4,8
6,1218,735,440,869,1,6,1950,131000,44,1,3,1,0,3,4,8
7,1525,1525,541,1525,2,6,2000,235000,101,1,5,1,2,2,4,8
5,1584,1584,792,1584,2,8,1967,124000,68,1,12,1,2,3,4,8
5,900,864,288,900,1,6,1967,123000,68,1,12,1,6,3,4,8
6,1912,482,672,1221,2,7,2000,163000,11,0,17,1,0,3,4,8
7,1500,1356,648,1500,2,6,2006,246578,107,1,0,1,2,2,5,6
8,2482,1094,642,1133,2,9,2006,281213,106,1,23,1,5,2,4,8
5,1687,747,572,1687,1,7,1950,160000,49,1,23,1,2,3,4,8
5,1513,939,180,939,1,8,2004,137500,24,1,3,1,5,3,4,8
5,1904,1208,240,1136,1,7,1982,138000,51,1,12,1,0,3,4,8
6,1608,976,216,1160,2,7,1990,137450,29,1,18,1,0,2,4,8
6,1158,862,208,950,1,5,1950,120000,33,1,3,1,0,3,4,8
6,1593,839,398,864,2,8,2004,193000,105,1,8,1,5,3,4,8
7,1294,1286,662,1294,2,6,2006,193879,107,1,5,1,2,2,5,6
8,1464,1485,754,1464,2,6,2007,282922,108,1,21,1,2,2,4,8
3,1214,672,936,694,1,6,1950,105000,19,1,17,1,0,3,3,8
8,1646,1594,482,1646,2,5,2005,275000,105,1,6,1,2,2,4,8
5,768,768,396,768,1,5,2007,133000,73,1,5,1,6,3,4,8
5,833,833,0,833,1,5,1985,112000,86,1,11,1,2,3,4,8
4,1363,622,528,741,1,6,1950,125500,14,1,17,1,5,3,4,8
7,2093,791,542,1236,2,7,1991,215000,87,1,14,1,5,3,4,8
7,1840,944,622,944,2,6,2001,230000,102,1,5,1,5,2,4,8
6,1668,856,271,1112,1,6,2005,140000,51,1,12,1,0,3,4,8
4,1040,0,420,1040,2,6,1950,90000,50,0,12,1,2,3,4,8
8,1844,1844,620,1844,2,7,2006,257000,106,1,20,1,2,2,0,0
6,1848,833,370,1053,1,8,2000,207000,27,1,3,1,0,2,4,8
7,1569,1386,660,1569,2,7,2007,175900,108,1,0,1,2,2,4,8
4,2290,777,560,1246,2,11,1950,122500,4,1,17,1,5,3,4,8
8,2450,1284,1069,1310,2,7,1998,340000,99,1,15,1,5,2,4,8
5,1144,1144,336,1144,1,6,1963,124000,64,1,12,1,2,3,4,0
6,1844,1844,540,1844,2,7,1969,223000,70,1,6,1,2,2,4,8
6,1416,708,776,708,2,7,1968,179900,69,1,14,1,5,3,4,8
6,1069,1069,440,1069,2,4,1977,127500,78,1,13,1,2,3,4,8
6,848,848,420,848,1,3,2003,136500,104,1,5,1,2,2,4,8
6,2201,697,432,1575,2,8,1966,274970,67,1,7,5,7,2,2,8
5,1344,1024,484,1344,1,6,1983,144000,59,1,12,1,2,3,4,8
6,1252,1252,528,1252,1,7,1959,142000,60,1,12,1,2,2,4,8
7,2127,1223,525,1223,2,5,1994,271000,95,1,15,1,5,2,4,8
5,1558,913,288,1048,1,6,1950,140000,46,1,12,1,0,3,4,8
5,804,788,240,804,1,4,1992,119000,43,1,17,1,2,2,0,8
6,1440,1440,467,1440,2,7,1981,182900,82,1,14,1,2,2,4,8
5,1838,732,372,734,2,7,2005,192140,106,1,8,1,5,3,4,8
6,958,958,440,958,2,5,1976,143750,77,1,13,1,2,3,4,8
4,968,656,216,968,2,5,2007,64500,31,1,17,1,2,3,4,8
6,1792,936,451,962,2,8,2000,186500,101,1,8,1,5,3,4,8
5,1126,1126,484,1126,2,5,1977,160000,78,1,11,1,2,3,4,8
6,1537,1319,462,1537,1,7,2005,174000,63,1,12,1,2,2,0,0
4,864,864,528,864,1,5,1971,120500,72,1,12,1,2,3,4,8
8,1932,1932,774,1932,2,7,2008,394617,109,1,16,1,2,0,5,6
6,1236,912,923,1236,1,6,1996,149700,58,1,17,1,2,3,4,8
7,1725,539,550,1040,2,6,1979,197000,80,1,14,1,7,3,4,8
6,2555,588,672,1423,2,11,1994,191000,26,1,6,1,3,3,4,8
6,848,848,420,848,1,3,2004,149300,105,1,5,1,2,2,4,8
10,2007,1017,812,1026,2,10,2008,310000,109,1,21,1,5,0,4,8
6,952,952,192,952,1,4,1950,121000,20,0,3,1,1,1,4,8
7,1422,1422,626,1422,2,7,2004,179600,105,1,5,1,2,2,4,8
6,913,814,240,913,1,6,1966,129000,67,1,19,1,6,3,4,8
5,1188,1188,312,1188,1,6,1962,157900,63,1,11,1,2,3,4,8
8,2090,1220,556,1220,2,8,1996,240000,96,1,5,1,5,2,4,8
4,1346,560,384,796,1,6,2000,112000,14,0,7,1,5,3,4,8
5,630,630,0,630,1,3,1970,92000,71,1,10,1,6,0,0,8
5,1792,896,0,896,2,8,1974,136000,75,1,12,1,5,3,4,8
8,1578,1573,840,1578,2,7,2009,287090,109,1,21,1,2,0,5,6
5,1072,547,525,1072,1,5,2005,145000,106,1,7,1,7,3,4,8
5,1140,1140,0,1140,1,6,2006,84500,107,1,11,1,2,3,0,8
7,1221,1221,400,1221,2,6,2005,185000,105,1,21,1,2,2,4,8
6,1647,953,460,953,2,7,2000,175000,100,1,8,1,5,3,4,8
6,2073,1542,500,2073,2,7,1988,210000,79,1,14,1,2,3,4,8
7,2340,1152,252,1188,2,9,2006,266500,44,1,6,1,5,2,4,8
5,1078,1078,240,1078,1,5,1996,142125,51,1,12,1,2,2,4,8
5,1256,1256,276,1256,1,6,1965,147500,66,1,7,1,2,3,4,8
